id,departamento,salario,idade
1,Diretoria,12067.08,58
2,Marketing,13607.61,43
3,Diretoria,6666.01,35
4,Marketing,5177.48,40
5,Diretoria,6237.82,63
6,TI,4105.13,50
7,Vendas,4893.63,31
8,Diretoria,9429.68,41
9,Diretoria,11149.23,55
10,Engenharia,4862.86,43
11,RH,7252.08,44
12,Engenharia,13529.09,59
13,Vendas,10593.61,45
14,Engenharia,3633.44,40
15,RH,6359.2,60
16,RH,9814.02,55
17,Engenharia,10970.18,48
18,Engenharia,12633.63,48
19,RH,7074.02,64
20,RH,4373.23,51
21,TI,11789.75,59
22,Marketing,4326.02,60
23,TI,6871.64,56
24,Engenharia,10147.43,42
25,Marketing,4533.3,34
26,RH,11883.89,20
27,Engenharia,4764.31,59
28,TI,9988.26,31
29,Vendas,3295.41,52
30,Engenharia,5032.74,47
31,Diretoria,11571.68,32
32,Vendas,11847.09,37
33,Engenharia,12644.81,56
34,Engenharia,3510.07,59
35,Diretoria,6107.02,51
36,Diretoria,10332.33,55
37,RH,7689.53,38
38,TI,10035.0,39
39,Vendas,9890.51,22
40,Marketing,7440.6,49
41,Diretoria,14966.35,29
42,RH,9526.81,24
43,RH,3488.18,40
44,Engenharia,3156.95,58
45,Diretoria,11194.21,50
46,RH,13878.34,23
47,Vendas,4848.43,41
48,Engenharia,12506.32,56
49,Diretoria,11306.41,57
50,TI,5228.64,32
51,Marketing,13830.63,64
52,Diretoria,10798.73,60
53,RH,6305.31,33
54,Vendas,11752.88,45
55,Engenharia,6273.75,59
56,RH,5607.4,48
57,TI,10526.99,38
58,TI,13565.91,50
59,Diretoria,11330.94,44
60,Diretoria,12118.14,31
61,Engenharia,8348.78,32
62,Engenharia,8092.08,55
63,RH,7720.89,61
64,Diretoria,11720.54,44
65,RH,14362.25,51
66,TI,9720.07,57
67,Engenharia,4291.44,62
68,TI,14453.87,32
69,RH,12220.25,56
70,Marketing,3195.53,49
71,Marketing,4001.56,50
72,TI,10723.0,47
73,RH,12835.37,58
74,Marketing,14134.7,53
75,TI,10943.14,37
76,Engenharia,7679.04,32
77,RH,14531.97,36
78,Vendas,12364.57,45
79,Engenharia,11582.29,31
80,Diretoria,11901.16,51
81,Diretoria,9849.05,42
82,Marketing,12632.7,58
83,Diretoria,14091.49,34
84,Marketing,11170.04,45
85,TI,11922.75,59
86,Marketing,8755.54,60
87,Engenharia,10935.92,30
88,TI,6453.2,34
89,RH,10256.07,61
90,Marketing,4685.61,38
91,Diretoria,14193.22,52
92,RH,10501.43,49
93,Engenharia,11927.1,36
94,RH,13024.91,59
95,RH,3077.03,27
96,Diretoria,12729.96,57
97,TI,6064.96,23
98,Diretoria,8868.1,31
99,RH,3524.21,26
100,Marketing,10681.26,63
101,TI,13856.59,34
102,TI,6359.63,64
103,Engenharia,9850.37,23
104,Vendas,13600.3,41
105,TI,3942.14,26
106,Engenharia,5073.58,21
107,Marketing,12514.49,55
108,RH,11283.02,58
109,Diretoria,9796.63,36
110,Vendas,14601.17,40
111,Diretoria,5739.38,20
112,Engenharia,6031.73,37
113,Vendas,5877.94,55
114,Vendas,10869.05,55
115,Marketing,14960.03,29
116,Diretoria,4403.7,48
117,Engenharia,10396.23,20
118,Engenharia,7240.81,60
119,Vendas,5996.77,60
120,Marketing,3265.73,41
121,RH,7636.55,35
122,Vendas,13612.78,54
123,Engenharia,12856.88,42
124,Engenharia,4802.25,36
125,Marketing,3064.13,44
126,Marketing,11459.51,52
127,RH,14485.52,62
128,Diretoria,10767.75,47
129,Engenharia,12730.16,45
130,TI,3273.69,62
131,Vendas,8847.66,22
132,Diretoria,12120.99,39
133,Diretoria,4029.61,24
134,Engenharia,4140.49,38
135,Vendas,6107.62,46
136,RH,8641.64,40
137,RH,13276.12,25
138,Marketing,7103.69,34
139,Diretoria,5580.21,62
140,Diretoria,5297.0,42
141,Diretoria,4475.56,63
142,Vendas,5552.18,28
143,TI,4811.02,42
144,Diretoria,14063.57,32
145,RH,3688.33,55
146,Vendas,6190.6,48
147,TI,3453.45,43
148,TI,5228.4,22
149,Engenharia,7527.23,50
150,Diretoria,10478.7,35
151,Engenharia,9739.82,40
152,TI,3240.38,59
153,RH,10846.57,21
154,Diretoria,14302.78,26
155,Engenharia,9737.47,54
156,Diretoria,6351.39,23
157,Diretoria,6270.61,22
158,Diretoria,4207.65,55
159,TI,4733.35,58
160,Marketing,8370.49,36
161,RH,12534.61,31
162,TI,4447.11,33
163,Vendas,12286.33,45
164,Engenharia,14530.72,52
165,Marketing,11995.17,24
166,TI,12052.78,58
167,Vendas,11482.83,47
168,TI,8362.91,39
169,Marketing,12163.77,59
170,Marketing,4783.26,35
171,RH,7886.68,35
172,Vendas,3689.67,22
173,Vendas,13365.3,57
174,Diretoria,3042.44,54
175,Vendas,4233.87,37
176,RH,6378.99,31
177,Engenharia,8285.11,56
178,RH,12522.8,33
179,Engenharia,13086.47,64
180,RH,9003.64,62
181,Vendas,12974.25,56
182,Marketing,8116.73,61
183,RH,11019.04,40
184,RH,9611.12,22
185,Engenharia,7213.42,45
186,Diretoria,14949.09,29
187,RH,4491.54,60
188,Engenharia,12723.02,45
189,Diretoria,4029.09,57
190,Vendas,12086.19,44
191,Diretoria,11096.89,33
192,Marketing,10032.63,47
193,Engenharia,12653.88,53
194,Engenharia,12156.86,59
195,Vendas,3237.68,33
196,TI,9297.71,44
197,Vendas,12236.49,29
198,Diretoria,13381.03,46
199,Diretoria,7363.38,27
200,RH,4443.86,50
201,RH,8169.93,53
202,Engenharia,5568.7,55
203,Marketing,14547.62,38
204,RH,3062.13,32
205,Diretoria,13872.95,50
206,Marketing,7600.58,33
207,Vendas,6122.69,60
208,Vendas,5236.93,46
209,Marketing,9336.52,57
210,Diretoria,9112.22,38
211,Engenharia,13429.35,22
212,Engenharia,6027.6,52
213,TI,6648.08,30
214,TI,9622.27,41
215,Diretoria,10448.24,38
216,Diretoria,12455.09,20
217,TI,9337.9,55
218,Vendas,8956.84,46
219,Engenharia,3472.54,60
220,RH,5379.28,34
221,Vendas,14018.45,41
222,Vendas,12864.6,55
223,Diretoria,11020.92,40
224,TI,5953.26,60
225,RH,5877.36,35
226,Vendas,7018.11,37
227,TI,5436.72,52
228,RH,4444.01,58
229,RH,3553.03,51
230,Engenharia,12950.28,20
231,Vendas,5759.61,23
232,RH,3931.99,58
233,Vendas,9939.89,36
234,Engenharia,11829.91,24
235,RH,12251.36,29
236,RH,14350.65,24
237,TI,14773.08,54
238,Engenharia,3342.22,39
239,Engenharia,8382.07,40
240,Engenharia,10127.56,20
241,TI,5261.66,63
242,Diretoria,11026.24,54
243,RH,12968.1,54
244,RH,9244.05,57
245,TI,12222.6,26
246,RH,6223.28,40
247,Vendas,13486.36,46
248,Marketing,14152.02,20
249,RH,8430.84,33
250,Engenharia,4993.02,57
251,Engenharia,13516.21,29
252,Diretoria,10951.8,39
253,Marketing,14438.4,47
254,Vendas,7753.96,48
255,Marketing,5479.97,36
256,Diretoria,6330.89,56
257,TI,13990.96,20
258,TI,8424.37,36
259,RH,14507.91,53
260,TI,3593.01,33
261,Engenharia,7377.28,24
262,Diretoria,6869.42,64
263,Vendas,5425.67,26
264,Vendas,5184.65,37
265,TI,13543.38,58
266,Marketing,6889.53,23
267,Vendas,7987.74,48
268,TI,12174.9,45
269,Engenharia,12501.52,56
270,RH,8239.74,53
271,RH,7480.95,57
272,TI,11843.47,61
273,Marketing,9358.68,61
274,Diretoria,9497.96,24
275,Marketing,9294.41,41
276,TI,14040.26,30
277,Diretoria,6719.12,65
278,Diretoria,7911.85,20
279,Engenharia,5340.7,34
280,Vendas,9162.84,62
281,TI,5715.95,59
282,TI,14011.77,54
283,RH,5320.75,33
284,Diretoria,13808.9,64
285,Engenharia,11595.44,47
286,RH,9349.7,60
287,RH,13326.58,38
288,RH,3924.25,53
289,TI,5012.16,44
290,Diretoria,5443.23,53
291,RH,7555.86,62
292,Marketing,13363.4,63
293,RH,11999.52,39
294,RH,7732.52,35
295,Vendas,11948.34,31
296,RH,11803.15,24
297,TI,14128.62,42
298,RH,13075.14,45
299,Diretoria,11273.1,50
300,Marketing,4646.29,56
301,Vendas,8661.21,45
302,Vendas,11969.19,24
303,Vendas,11149.85,21
304,Vendas,7461.52,47
305,RH,4757.2,38
306,Vendas,13359.98,62
307,TI,3215.3,21
308,Diretoria,7701.05,49
309,Engenharia,10725.42,54
310,Diretoria,13246.64,23
311,Engenharia,4815.7,53
312,Engenharia,14187.92,52
313,Vendas,7221.38,40
314,Vendas,4701.5,39
315,RH,5778.6,37
316,Vendas,6975.73,45
317,RH,11424.07,60
318,Marketing,12891.56,50
319,Diretoria,4373.37,40
320,RH,10861.33,27
321,Diretoria,8134.06,43
322,TI,7903.44,47
323,TI,10063.2,62
324,RH,10267.12,64
325,TI,10637.7,24
326,Diretoria,5679.0,46
327,Diretoria,4913.63,38
328,Vendas,9271.9,48
329,TI,13454.53,26
330,Engenharia,7060.67,39
331,RH,10400.84,43
332,Marketing,9181.99,55
333,Engenharia,12684.75,23
334,Marketing,14660.04,46
335,Diretoria,6333.32,33
336,Diretoria,12656.42,53
337,RH,13660.14,38
338,Engenharia,7742.71,61
339,TI,6651.43,28
340,Engenharia,10462.99,35
341,RH,14562.43,41
342,Marketing,3725.55,43
343,RH,9960.56,20
344,Marketing,11384.19,47
345,Diretoria,9479.74,65
346,Marketing,3524.54,22
347,Diretoria,11597.1,43
348,Diretoria,6783.5,30
349,Diretoria,7230.5,21
350,Engenharia,7670.21,56
351,Diretoria,13253.75,56
352,Engenharia,14438.19,35
353,Vendas,6950.3,24
354,Vendas,6994.58,44
355,Vendas,10740.43,26
356,Marketing,7628.73,65
357,Marketing,4732.82,25
358,Vendas,10292.91,44
359,RH,9042.65,50
360,Diretoria,12734.36,57
361,RH,4497.3,30
362,TI,5962.56,55
363,TI,10456.14,32
364,TI,12812.32,23
365,Marketing,6702.22,21
366,Engenharia,9179.1,26
367,Vendas,3850.0,48
368,Engenharia,11765.75,63
369,Engenharia,10063.61,44
370,TI,3951.7,22
371,Marketing,14375.52,65
372,TI,10120.66,44
373,Diretoria,14301.26,28
374,Engenharia,3910.68,39
375,Vendas,4645.54,61
376,RH,9270.11,60
377,Vendas,9188.88,49
378,RH,3585.52,51
379,RH,6897.61,49
380,Diretoria,8958.72,29
381,Vendas,13832.56,45
382,TI,10173.13,28
383,Marketing,5173.58,37
384,TI,3205.25,27
385,Diretoria,14474.72,48
386,Engenharia,6812.1,53
387,RH,13113.66,54
388,Vendas,11827.89,49
389,Engenharia,3611.24,24
390,Engenharia,11105.09,38
391,Vendas,3054.66,33
392,RH,6008.83,51
393,Marketing,4138.5,52
394,RH,4898.68,49
395,Diretoria,13291.49,58
396,Vendas,7848.81,41
397,Marketing,4358.41,31
398,RH,10958.21,63
399,Engenharia,5223.68,26
400,RH,12509.08,54
401,Vendas,11545.57,56
402,Vendas,13286.09,36
403,Engenharia,10548.75,53
404,Engenharia,7526.83,45
405,Engenharia,6918.18,48
406,Vendas,7870.16,27
407,Engenharia,4630.91,57
408,RH,7036.87,26
409,Engenharia,12573.89,65
410,Marketing,8200.88,52
411,RH,14651.11,44
412,TI,4829.3,28
413,RH,7444.98,41
414,TI,7172.16,32
415,Marketing,13225.18,20
416,TI,11844.33,49
417,Marketing,14025.63,43
418,Diretoria,9241.05,22
419,Engenharia,10056.13,43
420,Marketing,10395.85,52
421,Marketing,13513.31,57
422,Marketing,7631.27,39
423,Diretoria,8832.79,40
424,Marketing,10886.73,36
425,TI,5311.18,31
426,Diretoria,8674.06,21
427,Vendas,11737.15,30
428,RH,10558.29,55
429,Marketing,3778.05,52
430,TI,5246.96,45
431,Vendas,6228.08,58
432,TI,9522.6,46
433,RH,14644.2,51
434,Diretoria,7169.73,36
435,Vendas,9310.47,36
436,Marketing,10840.33,55
437,TI,9828.04,63
438,Diretoria,13681.45,39
439,Engenharia,7324.28,62
440,Vendas,6048.67,61
441,Vendas,13735.55,59
442,Marketing,11197.77,43
443,Engenharia,8029.16,47
444,Engenharia,6354.4,57
445,RH,13367.82,31
446,Marketing,5793.64,63
447,Diretoria,11802.05,56
448,Engenharia,7467.35,27
449,RH,9899.08,63
450,Vendas,11930.08,55
451,Vendas,4028.52,63
452,Diretoria,9116.68,51
453,Marketing,14104.36,27
454,Vendas,6860.16,50
455,Vendas,8077.86,46
456,Engenharia,6389.98,37
457,RH,4654.67,51
458,RH,10154.34,22
459,RH,7178.93,33
460,Marketing,7890.54,39
461,TI,3290.11,37
462,Diretoria,3148.78,28
463,Vendas,10601.88,63
464,Marketing,11964.89,42
465,Vendas,13400.35,51
466,Vendas,5010.19,20
467,Vendas,9503.99,40
468,Marketing,10773.22,44
469,Vendas,8817.86,32
470,TI,10452.01,26
471,RH,14751.87,31
472,Marketing,7382.75,49
473,Marketing,13535.16,65
474,TI,13734.35,31
475,Engenharia,4223.1,55
476,Diretoria,8420.05,21
477,Vendas,8733.99,24
478,TI,10794.41,61
479,RH,3157.11,56
480,Vendas,5627.15,31
481,RH,9045.8,52
482,Marketing,13605.94,40
483,Diretoria,7187.85,38
484,Engenharia,10421.0,61
485,Vendas,6343.8,50
486,Diretoria,5574.42,56
487,TI,7455.65,24
488,RH,13306.16,38
489,TI,5307.03,47
490,Marketing,4090.0,36
491,TI,13625.0,64
492,Diretoria,10982.63,30
493,TI,12762.09,35
494,TI,14929.1,26
495,Engenharia,13312.11,40
496,Vendas,11079.7,59
497,RH,14015.62,53
498,TI,7753.46,60
499,RH,13558.37,60
500,Vendas,8034.79,51
501,Diretoria,13468.88,37
502,TI,6735.24,25
503,Diretoria,14729.13,21
504,Vendas,11773.01,51
505,Diretoria,5938.08,40
506,Diretoria,6174.29,65
507,Vendas,7785.82,35
508,TI,13726.51,55
509,TI,5569.61,54
510,TI,9922.53,36
511,Engenharia,13844.59,54
512,Diretoria,9620.44,26
513,TI,13369.1,47
514,Marketing,12543.89,45
515,Marketing,13444.39,59
516,Diretoria,3315.89,23
517,TI,3077.56,48
518,Diretoria,14377.54,27
519,RH,3510.85,32
520,TI,10370.44,30
521,RH,14963.77,34
522,Engenharia,14058.8,48
523,Vendas,6078.89,41
524,Engenharia,9103.93,29
525,TI,9641.71,24
526,Engenharia,10380.63,61
527,TI,8673.46,26
528,Diretoria,12422.53,29
529,TI,12506.5,26
530,Engenharia,9492.89,35
531,TI,10830.99,28
532,Engenharia,6565.81,56
533,RH,11759.03,23
534,Marketing,8676.26,51
535,Marketing,8313.85,48
536,Marketing,13966.02,30
537,Vendas,3028.51,22
538,Engenharia,8938.16,45
539,Engenharia,13877.78,25
540,Diretoria,12481.82,61
541,Vendas,12940.83,59
542,TI,13746.72,60
543,TI,9648.78,45
544,RH,12676.1,55
545,Vendas,11315.83,27
546,Vendas,8590.64,20
547,Engenharia,6875.11,34
548,Vendas,3877.18,57
549,Diretoria,9395.7,35
550,Diretoria,5527.65,36
551,Marketing,10003.77,50
552,TI,9460.98,63
553,TI,4596.2,59
554,Engenharia,14164.49,51
555,TI,4692.75,40
556,RH,10958.78,27
557,RH,14557.54,21
558,Engenharia,11771.4,56
559,RH,7263.06,61
560,RH,14142.1,46
561,Marketing,6606.14,23
562,Vendas,12530.46,63
563,Vendas,8896.51,37
564,Vendas,5660.18,35
565,Marketing,10374.75,53
566,Diretoria,6837.58,23
567,TI,10885.58,46
568,Marketing,11733.37,26
569,RH,8013.17,49
570,RH,10984.22,64
571,TI,13238.9,54
572,Engenharia,9287.02,60
573,RH,11142.3,57
574,Diretoria,12981.05,38
575,Engenharia,4609.62,43
576,RH,8643.94,26
577,Diretoria,14003.47,52
578,RH,3531.73,45
579,Vendas,10780.52,33
580,TI,9006.46,42
581,Marketing,8690.65,63
582,TI,7278.03,42
583,TI,12248.0,42
584,Diretoria,14976.8,47
585,TI,5855.32,28
586,RH,4419.63,27
587,Diretoria,13398.68,65
588,RH,3558.11,32
589,Marketing,3301.97,34
590,Engenharia,10250.9,34
591,Engenharia,13898.34,56
592,Marketing,14609.31,40
593,TI,11137.77,53
594,Vendas,10421.24,31
595,Diretoria,3119.62,36
596,RH,10151.31,41
597,Diretoria,11251.52,59
598,TI,9682.7,22
599,Diretoria,10873.02,36
600,Diretoria,11714.51,62
601,RH,9359.01,29
602,Engenharia,11902.21,56
603,Diretoria,5699.65,22
604,TI,10376.07,24
605,TI,8039.75,53
606,RH,10644.53,46
607,Vendas,10700.32,48
608,TI,13515.65,20
609,TI,5251.23,50
610,Diretoria,5410.68,45
611,RH,8422.99,39
612,Marketing,4846.08,46
613,Engenharia,5442.15,58
614,TI,7651.27,25
615,Engenharia,5341.99,37
616,Vendas,11400.72,24
617,Vendas,8101.82,40
618,Diretoria,10959.44,36
619,TI,11259.33,58
620,Diretoria,9030.09,51
621,Engenharia,13406.54,22
622,Vendas,3232.81,57
623,Vendas,12087.08,63
624,TI,6206.13,36
625,TI,12181.06,53
626,Diretoria,6592.78,43
627,Engenharia,4091.28,38
628,TI,13244.24,47
629,Vendas,7909.75,47
630,Diretoria,6197.5,38
631,TI,6190.2,33
632,Engenharia,7335.54,21
633,Vendas,7780.66,52
634,Marketing,12305.02,39
635,Engenharia,6382.06,52
636,Marketing,9837.21,46
637,Engenharia,9455.41,41
638,RH,3462.0,48
639,Engenharia,9662.26,42
640,TI,5532.82,42
641,Engenharia,5581.65,64
642,Vendas,7278.3,62
643,TI,11224.65,58
644,TI,3865.08,44
645,Diretoria,10641.98,39
646,Engenharia,13476.17,31
647,RH,4222.58,36
648,Diretoria,14166.94,46
649,RH,14939.75,53
650,Diretoria,9052.4,49
651,TI,8709.69,34
652,Engenharia,9420.76,22
653,RH,5827.39,59
654,Vendas,4359.42,36
655,Vendas,10365.25,27
656,Diretoria,12713.36,28
657,Marketing,8544.53,36
658,RH,11568.51,53
659,Diretoria,6929.21,65
660,Vendas,4907.53,23
661,TI,3081.97,24
662,TI,3216.24,57
663,Engenharia,10672.24,38
664,TI,13703.24,47
665,Marketing,13948.47,31
666,TI,11714.57,21
667,Vendas,13285.16,63
668,Vendas,10491.48,24
669,Diretoria,12949.36,40
670,TI,12242.95,62
671,Vendas,13842.47,30
672,Diretoria,4459.52,26
673,Diretoria,12978.6,54
674,Marketing,7571.95,48
675,Vendas,7201.94,63
676,Marketing,12781.33,61
677,Vendas,5164.52,22
678,TI,13164.72,49
679,Marketing,5839.38,44
680,RH,9018.76,25
681,Marketing,5630.11,57
682,Marketing,7771.55,28
683,Marketing,13012.59,43
684,RH,5441.15,34
685,Engenharia,6386.33,54
686,TI,11491.41,53
687,TI,10875.15,56
688,Marketing,6177.12,44
689,Engenharia,13506.11,33
690,Vendas,8464.09,35
691,Vendas,11355.07,50
692,Vendas,10031.54,43
693,Vendas,4151.78,47
694,Marketing,5811.66,27
695,RH,12467.79,52
696,TI,11561.59,46
697,Vendas,9262.9,63
698,TI,5388.61,29
699,Marketing,6303.78,32
700,RH,7303.79,31
701,RH,8622.68,24
702,Marketing,14828.78,24
703,Engenharia,13407.47,35
704,TI,14124.87,28
705,Diretoria,3939.06,54
706,TI,4882.84,28
707,RH,10369.84,62
708,Diretoria,3334.2,26
709,Diretoria,3670.72,63
710,Vendas,14015.24,62
711,Vendas,9860.75,34
712,Marketing,4802.81,26
713,Diretoria,4686.01,43
714,RH,14545.12,63
715,Vendas,4510.41,23
716,RH,5334.08,51
717,Vendas,9296.82,64
718,RH,3586.39,60
719,Engenharia,9653.82,53
720,Marketing,6072.76,57
721,Engenharia,3812.95,64
722,TI,11067.3,24
723,Diretoria,3630.75,35
724,Marketing,3274.64,41
725,Engenharia,9477.7,36
726,Marketing,8492.94,56
727,Marketing,4699.02,58
728,Diretoria,7777.96,34
729,Engenharia,8717.99,30
730,Diretoria,13322.02,63
731,Vendas,8180.29,21
732,Vendas,11164.85,60
733,RH,10009.42,63
734,Diretoria,5758.19,33
735,Vendas,11666.81,28
736,Engenharia,4366.64,64
737,TI,8692.93,34
738,Engenharia,10096.47,28
739,Vendas,13162.64,48
740,TI,8852.53,38
741,Diretoria,5025.43,61
742,RH,3570.44,39
743,Engenharia,14530.68,37
744,TI,4578.39,53
745,Vendas,10317.96,28
746,Vendas,11850.37,43
747,Marketing,6082.28,21
748,RH,10007.94,36
749,Marketing,5126.53,29
750,Vendas,13938.15,48
751,Vendas,11437.12,41
752,Vendas,8653.86,22
753,RH,7545.12,33
754,TI,6669.21,53
755,Engenharia,6977.07,52
756,TI,3055.01,56
757,Marketing,5304.22,52
758,Marketing,5186.64,36
759,Diretoria,10325.15,41
760,Marketing,6146.24,32
761,Vendas,8415.09,24
762,Diretoria,11025.45,25
763,RH,3790.58,61
764,Vendas,5350.29,41
765,Diretoria,10372.86,53
766,Diretoria,10112.93,40
767,Marketing,10151.69,51
768,TI,3814.86,30
769,Engenharia,7616.77,43
770,Engenharia,13872.56,49
771,Engenharia,8161.44,20
772,TI,3917.83,54
773,Marketing,12117.4,57
774,Marketing,4735.59,55
775,Diretoria,7905.48,43
776,TI,11125.29,34
777,Engenharia,13106.15,38
778,TI,5602.97,31
779,Vendas,11686.78,48
780,RH,7666.19,21
781,Marketing,12835.31,46
782,Diretoria,10921.09,54
783,RH,14799.97,48
784,RH,14386.22,32
785,TI,8177.14,23
786,TI,11445.57,55
787,RH,3011.79,42
788,Engenharia,11966.43,38
789,Engenharia,4244.46,25
790,Vendas,12110.3,38
791,Diretoria,13617.23,50
792,Diretoria,13821.61,27
793,Engenharia,14476.97,61
794,Diretoria,11796.9,55
795,TI,10719.27,39
796,TI,3741.3,60
797,Engenharia,7634.48,33
798,RH,13884.2,38
799,RH,13890.64,28
800,Vendas,11604.47,46
801,RH,9856.83,49
802,Diretoria,8519.65,57
803,TI,11246.96,37
804,RH,3867.31,63
805,Diretoria,13910.94,46
806,Marketing,3909.82,27
807,Engenharia,3621.62,63
808,Engenharia,14511.86,60
809,Diretoria,3102.68,59
810,TI,12803.73,63
811,TI,7113.15,36
812,Marketing,12424.4,43
813,RH,10587.43,34
814,TI,7208.37,24
815,Vendas,9303.39,26
816,TI,9568.2,45
817,RH,5941.83,23
818,TI,8907.54,26
819,TI,6521.16,33
820,Marketing,14290.29,22
821,TI,4662.82,24
822,TI,7493.69,55
823,Vendas,7585.03,56
824,TI,9760.42,26
825,Vendas,12159.76,54
826,Vendas,8021.53,50
827,Vendas,3660.9,26
828,RH,5160.03,30
829,TI,6743.97,64
830,Engenharia,13017.87,37
831,Vendas,11551.26,21
832,RH,13321.78,24
833,Engenharia,5354.95,36
834,Marketing,5003.98,60
835,Marketing,7488.28,52
836,TI,14525.04,21
837,Marketing,5314.2,57
838,TI,7240.46,46
839,TI,11724.9,53
840,Marketing,14252.11,61
841,Vendas,13650.39,41
842,Diretoria,14547.85,29
843,Marketing,13546.71,32
844,RH,6698.04,23
845,Engenharia,5514.1,46
846,Marketing,10621.58,45
847,TI,10560.22,35
848,Engenharia,8970.76,45
849,Marketing,8255.38,61
850,TI,10592.74,24
851,Marketing,11043.79,43
852,Diretoria,11365.12,35
853,Marketing,9112.99,59
854,TI,6967.45,51
855,Engenharia,11628.67,38
856,Engenharia,14347.08,38
857,Engenharia,14362.96,34
858,Vendas,12008.07,35
859,Engenharia,5151.58,28
860,Vendas,6815.39,41
861,Vendas,10537.64,47
862,Engenharia,6833.8,20
863,Engenharia,13734.29,54
864,Vendas,13374.58,42
865,Marketing,13104.99,24
866,Marketing,3028.83,22
867,Diretoria,13523.44,41
868,Vendas,6347.35,48
869,Marketing,13672.63,43
870,Engenharia,5489.29,22
871,RH,7606.39,38
872,Engenharia,8711.65,35
873,RH,4876.98,63
874,TI,9167.4,41
875,Engenharia,8640.55,62
876,RH,4080.47,34
877,Vendas,7306.65,48
878,TI,13345.3,21
879,Vendas,12906.09,65
880,Engenharia,13884.5,44
881,RH,6935.82,33
882,Diretoria,11911.61,31
883,TI,13297.48,30
884,Vendas,9562.63,59
885,Engenharia,9441.19,57
886,Vendas,6026.02,35
887,Engenharia,5611.4,56
888,RH,13389.97,25
889,Diretoria,6663.28,22
890,Vendas,14960.41,23
891,RH,5149.94,60
892,Marketing,10111.89,24
893,Diretoria,14427.7,36
894,Engenharia,4082.3,46
895,Engenharia,3157.4,56
896,TI,4813.86,51
897,Engenharia,5524.79,56
898,Marketing,11443.55,33
899,TI,14497.92,32
900,Vendas,8556.3,38
901,Vendas,7532.41,22
902,Marketing,4296.22,54
903,Diretoria,13100.63,54
904,RH,9168.5,65
905,RH,4313.44,20
906,Engenharia,5251.02,21
907,Engenharia,13407.77,58
908,TI,4052.94,53
909,Vendas,8313.36,34
910,Marketing,3815.42,41
911,Diretoria,12528.38,37
912,RH,8120.11,57
913,TI,11651.71,33
914,Vendas,5788.27,26
915,TI,8428.07,41
916,TI,11400.31,35
917,RH,6233.31,49
918,Vendas,13440.06,60
919,Vendas,8779.4,21
920,Diretoria,8554.67,44
921,Marketing,6165.37,37
922,TI,3078.8,37
923,Engenharia,5418.81,32
924,RH,8879.05,61
925,Engenharia,9801.75,48
926,TI,8227.85,60
927,Engenharia,7458.87,32
928,Engenharia,9101.14,33
929,RH,4148.23,40
930,Engenharia,3515.56,29
931,TI,11000.79,41
932,Engenharia,4952.86,37
933,Diretoria,6442.92,48
934,TI,5423.14,64
935,Engenharia,11886.89,45
936,RH,6284.76,34
937,Engenharia,10296.92,47
938,Marketing,11645.43,44
939,RH,7906.15,55
940,Vendas,9376.19,46
941,TI,8136.09,62
942,Engenharia,6154.16,55
943,Marketing,9747.54,57
944,Diretoria,6734.2,37
945,Diretoria,13247.82,33
946,TI,5847.97,21
947,Vendas,3427.72,63
948,Marketing,12634.15,33
949,Diretoria,3198.91,39
950,Vendas,4443.06,26
951,Diretoria,3660.6,36
952,RH,7150.31,60
953,RH,7937.94,62
954,TI,13343.52,63
955,Diretoria,13971.66,51
956,TI,5981.09,54
957,TI,3122.07,27
958,Marketing,3816.51,44
959,Engenharia,14496.87,34
960,Vendas,11773.19,48
961,Vendas,12784.96,46
962,RH,11869.87,47
963,Marketing,9875.38,50
964,Marketing,7408.12,43
965,Engenharia,8277.23,49
966,Diretoria,14552.7,28
967,Vendas,11915.2,50
968,Engenharia,13536.87,32
969,Vendas,4728.7,60
970,Diretoria,10414.87,22
971,Engenharia,12854.06,39
972,RH,11631.72,38
973,Engenharia,3258.92,35
974,Diretoria,5257.26,48
975,Marketing,7262.99,39
976,RH,10898.55,23
977,Vendas,13517.89,20
978,Marketing,4544.49,31
979,TI,5757.4,60
980,Engenharia,13381.8,28
981,Marketing,9148.53,49
982,Diretoria,5620.31,22
983,Vendas,3523.69,25
984,Diretoria,4651.04,28
985,TI,4236.39,53
986,TI,8253.81,56
987,TI,11172.68,33
988,Vendas,6800.16,46
989,Engenharia,10366.98,64
990,RH,12157.48,62
991,Diretoria,8938.44,30
992,TI,3849.27,58
993,Diretoria,6810.8,56
994,Diretoria,10919.64,21
995,Marketing,8429.58,28
996,Diretoria,10822.04,58
997,Engenharia,5582.77,48
998,Marketing,8527.62,42
999,Vendas,5509.73,21
1000,Diretoria,9431.23,46
1001,RH,14331.66,38
1002,Marketing,14180.37,38
1003,TI,14573.84,36
1004,Vendas,3772.75,24
1005,Engenharia,11399.89,32
1006,Engenharia,5367.65,36
1007,Marketing,9579.5,28
1008,Engenharia,12955.67,22
1009,Marketing,10893.48,27
1010,Engenharia,8943.71,21
1011,Diretoria,4530.56,33
1012,Marketing,13038.39,27
1013,Vendas,9671.85,65
1014,Engenharia,3141.69,29
1015,Diretoria,8246.33,50
1016,Engenharia,6565.43,39
1017,Vendas,10409.73,64
1018,Engenharia,10025.95,25
1019,RH,6220.11,64
1020,Marketing,6297.78,61
1021,Vendas,9231.52,24
1022,Diretoria,14208.16,61
1023,Vendas,9533.03,55
1024,Marketing,13959.78,63
1025,Engenharia,3106.01,37
1026,Diretoria,3506.14,54
1027,Vendas,10204.61,43
1028,Vendas,12067.82,31
1029,Vendas,14129.29,54
1030,Marketing,8161.26,61
1031,Diretoria,13979.42,48
1032,RH,7955.96,32
1033,Engenharia,6947.42,26
1034,RH,7641.02,24
1035,Engenharia,12662.89,59
1036,Diretoria,4130.25,43
1037,TI,8823.74,26
1038,Diretoria,13436.37,31
1039,Diretoria,5975.3,33
1040,Marketing,11738.05,46
1041,RH,8120.9,44
1042,RH,8127.15,54
1043,TI,9682.03,52
1044,Engenharia,3895.59,62
1045,TI,5287.83,38
1046,Diretoria,9677.48,62
1047,Diretoria,9895.23,41
1048,Marketing,5389.34,46
1049,Engenharia,13529.89,34
1050,TI,5991.46,56
1051,Vendas,5809.49,50
1052,Engenharia,11287.55,47
1053,Marketing,6560.97,43
1054,Vendas,10367.64,59
1055,Diretoria,14319.51,44
1056,TI,7761.33,41
1057,Marketing,10190.2,30
1058,Marketing,5301.86,38
1059,Vendas,5069.15,29
1060,Vendas,11221.35,45
1061,Vendas,5777.21,45
1062,RH,9813.37,60
1063,Marketing,7567.9,49
1064,TI,8941.0,48
1065,Marketing,3060.25,24
1066,Marketing,3523.37,43
1067,Engenharia,4653.74,54
1068,Engenharia,14995.99,40
1069,Marketing,13058.76,22
1070,Engenharia,14894.86,55
1071,Engenharia,5921.49,38
1072,Vendas,14411.95,31
1073,TI,3514.28,21
1074,RH,11626.55,33
1075,Vendas,6898.7,40
1076,Engenharia,10847.54,47
1077,Diretoria,8784.1,40
1078,Diretoria,13819.35,20
1079,Diretoria,12570.3,63
1080,RH,8473.12,45
1081,Vendas,5982.54,59
1082,Marketing,3354.41,26
1083,Engenharia,8844.8,54
1084,Vendas,9221.31,36
1085,RH,5759.84,28
1086,Vendas,6850.85,45
1087,Engenharia,5771.69,55
1088,TI,6386.78,59
1089,RH,3848.77,25
1090,Marketing,13002.6,24
1091,Vendas,5891.34,52
1092,RH,6233.45,20
1093,Marketing,3574.05,41
1094,Vendas,6045.53,55
1095,Marketing,12106.08,55
1096,Marketing,12001.56,57
1097,Vendas,12035.97,60
1098,Diretoria,8208.54,28
1099,Marketing,9567.73,46
1100,Engenharia,11484.01,24
1101,Marketing,13010.39,22
1102,Diretoria,14512.04,58
1103,Vendas,14780.35,27
1104,Marketing,5624.76,51
1105,Vendas,5467.45,22
1106,Diretoria,14775.81,34
1107,TI,5843.77,61
1108,Engenharia,4569.53,32
1109,Marketing,6826.61,60
1110,Marketing,9733.26,42
1111,Marketing,13284.2,44
1112,Marketing,10373.03,34
1113,TI,13503.48,30
1114,TI,4931.91,35
1115,Vendas,4296.1,26
1116,Engenharia,3933.23,40
1117,Diretoria,13738.75,49
1118,Vendas,9235.17,35
1119,Vendas,4290.14,52
1120,TI,8121.9,61
1121,Diretoria,11380.08,46
1122,Marketing,3348.75,60
1123,Engenharia,8414.54,45
1124,TI,6877.28,52
1125,Vendas,14114.75,45
1126,Vendas,4904.51,51
1127,RH,11154.11,62
1128,Engenharia,14339.08,26
1129,Diretoria,6790.83,22
1130,TI,8085.51,42
1131,Diretoria,5205.45,29
1132,Vendas,13110.49,46
1133,RH,9792.21,48
1134,TI,8403.33,21
1135,Vendas,11864.73,29
1136,Vendas,6265.85,38
1137,Vendas,12124.76,59
1138,Marketing,4824.15,44
1139,RH,8888.45,36
1140,Vendas,9535.16,48
1141,Engenharia,12725.54,53
1142,TI,9464.84,46
1143,Marketing,5538.66,65
1144,RH,11656.41,65
1145,Diretoria,3333.41,21
1146,Diretoria,13784.49,46
1147,Marketing,13199.37,60
1148,Marketing,10427.85,26
1149,Diretoria,13356.47,50
1150,Vendas,9643.14,27
1151,Engenharia,14565.94,44
1152,Engenharia,9355.64,24
1153,Vendas,4773.51,46
1154,TI,4536.05,61
1155,Vendas,13053.7,37
1156,Vendas,5136.51,59
1157,Engenharia,10670.92,55
1158,RH,7646.67,53
1159,RH,5311.43,31
1160,Engenharia,7225.47,46
1161,RH,5272.64,26
1162,Diretoria,10753.36,49
1163,Diretoria,11500.38,44
1164,RH,9511.89,46
1165,Vendas,10525.28,33
1166,TI,13602.66,54
1167,Diretoria,9570.39,29
1168,Marketing,9911.89,41
1169,RH,5874.41,59
1170,Vendas,12359.03,29
1171,Marketing,14582.23,33
1172,TI,5983.05,59
1173,TI,13824.36,38
1174,Engenharia,4972.78,64
1175,Vendas,9755.62,30
1176,RH,8337.58,28
1177,TI,5376.22,64
1178,TI,9628.21,65
1179,Vendas,8654.16,47
1180,Diretoria,13620.8,33
1181,Diretoria,11858.15,55
1182,Diretoria,11755.47,32
1183,RH,14636.86,61
1184,TI,7440.17,45
1185,Diretoria,5986.89,59
1186,Diretoria,6391.95,54
1187,TI,14505.52,33
1188,RH,9534.21,35
1189,Diretoria,9325.15,43
1190,Marketing,8204.59,43
1191,Marketing,5622.96,30
1192,RH,7973.55,58
1193,Diretoria,11044.08,49
1194,TI,10503.91,52
1195,Vendas,6918.96,22
1196,RH,13921.15,60
1197,Marketing,8485.61,61
1198,RH,7912.08,51
1199,Vendas,9776.89,48
1200,Vendas,3103.0,21
1201,Engenharia,8343.06,59
1202,Diretoria,7133.26,30
1203,TI,9588.39,50
1204,RH,9998.84,37
1205,Vendas,5711.11,22
1206,TI,9948.09,49
1207,RH,10439.55,53
1208,Vendas,12768.44,43
1209,Vendas,12273.77,31
1210,RH,10067.71,65
1211,Engenharia,11649.05,52
1212,Marketing,4324.44,55
1213,Marketing,12905.49,51
1214,RH,10358.95,30
1215,RH,5771.24,64
1216,Diretoria,13716.55,60
1217,Vendas,3019.57,21
1218,Vendas,12817.74,20
1219,Marketing,10439.66,50
1220,Engenharia,10827.41,56
1221,RH,9105.37,61
1222,Marketing,8461.21,38
1223,Marketing,12526.16,32
1224,Diretoria,14663.92,26
1225,TI,13213.94,36
1226,TI,7783.85,36
1227,Engenharia,12147.7,54
1228,Engenharia,11398.15,29
1229,Diretoria,9587.52,28
1230,Engenharia,6570.95,36
1231,Engenharia,7880.97,37
1232,TI,14750.66,48
1233,Diretoria,11256.28,45
1234,RH,4183.6,65
1235,RH,6697.91,31
1236,Engenharia,10283.64,65
1237,Diretoria,8755.22,33
1238,Engenharia,8741.1,64
1239,Marketing,5633.21,36
1240,TI,5662.06,45
1241,TI,8508.7,60
1242,TI,14367.08,41
1243,Marketing,4212.91,34
1244,Vendas,3087.78,27
1245,TI,13688.2,38
1246,Diretoria,3106.08,39
1247,Vendas,4320.75,33
1248,Vendas,4349.39,54
1249,Vendas,9177.99,47
1250,RH,3562.82,33
1251,Marketing,8368.43,63
1252,Diretoria,9966.58,42
1253,RH,7906.97,41
1254,Marketing,11855.5,47
1255,RH,5213.01,28
1256,Diretoria,8344.96,33
1257,Engenharia,7083.07,36
1258,Engenharia,4162.44,36
1259,TI,8153.05,26
1260,Diretoria,8680.05,20
1261,Engenharia,14601.41,48
1262,TI,6788.72,54
1263,TI,8089.91,31
1264,TI,5051.37,30
1265,Engenharia,11851.53,21
1266,Vendas,6244.89,48
1267,Diretoria,7600.18,57
1268,TI,9927.08,50
1269,Engenharia,13833.5,21
1270,Diretoria,11498.07,37
1271,TI,13855.6,44
1272,Engenharia,7316.25,21
1273,Diretoria,5349.31,56
1274,Marketing,12397.09,65
1275,Diretoria,5755.09,26
1276,Vendas,14992.99,36
1277,Marketing,7530.02,62
1278,Engenharia,5898.68,38
1279,Diretoria,11905.58,35
1280,Vendas,11212.8,23
1281,Marketing,8838.57,36
1282,Marketing,5587.44,27
1283,TI,9209.27,21
1284,TI,12163.3,40
1285,Diretoria,3619.69,38
1286,TI,12183.96,48
1287,TI,3189.94,43
1288,TI,13505.37,59
1289,Vendas,3184.71,55
1290,Marketing,3863.87,65
1291,Vendas,12891.4,20
1292,Vendas,5843.73,62
1293,Diretoria,9757.44,62
1294,Engenharia,7630.37,59
1295,TI,14367.59,49
1296,TI,10473.11,55
1297,RH,12524.84,50
1298,Diretoria,8891.43,26
1299,RH,9117.49,41
1300,Engenharia,14984.24,21
1301,Diretoria,6596.48,64
1302,Diretoria,14833.06,56
1303,TI,11931.64,36
1304,Diretoria,12746.93,22
1305,RH,3771.11,39
1306,Marketing,4619.23,49
1307,Diretoria,3096.75,46
1308,TI,12415.89,20
1309,TI,11935.76,60
1310,RH,12506.3,32
1311,RH,10023.14,50
1312,Engenharia,5608.38,54
1313,RH,6254.5,36
1314,Marketing,6146.45,58
1315,TI,14990.81,56
1316,TI,8731.06,38
1317,Engenharia,3912.16,26
1318,RH,3125.89,61
1319,RH,5737.24,43
1320,Vendas,8756.69,27
1321,Marketing,7357.54,64
1322,Vendas,13304.31,31
1323,TI,5118.79,51
1324,Diretoria,7512.35,34
1325,RH,14073.38,34
1326,Engenharia,9293.63,31
1327,Diretoria,14436.59,28
1328,Diretoria,11547.6,50
1329,Engenharia,9030.43,50
1330,TI,9046.27,47
1331,Vendas,11209.07,57
1332,Diretoria,4898.19,59
1333,Diretoria,11380.45,29
1334,Diretoria,4145.82,29
1335,Diretoria,13926.3,24
1336,Diretoria,14396.52,65
1337,Engenharia,7165.84,24
1338,Diretoria,9508.79,26
1339,Diretoria,7854.02,48
1340,Diretoria,6855.1,40
1341,Marketing,9796.48,65
1342,RH,14648.94,34
1343,Marketing,13579.99,55
1344,RH,13261.24,58
1345,RH,14085.49,60
1346,Vendas,6302.01,31
1347,TI,7530.92,49
1348,Marketing,10293.79,20
1349,Marketing,3703.17,23
1350,RH,7366.34,47
1351,Marketing,14563.31,60
1352,Vendas,8872.86,51
1353,Engenharia,13095.17,62
1354,Vendas,9653.04,22
1355,Engenharia,11565.85,24
1356,Engenharia,3486.19,50
1357,RH,9732.3,34
1358,Engenharia,13204.79,32
1359,TI,8263.07,58
1360,Diretoria,13900.82,39
1361,Marketing,14757.41,32
1362,Marketing,13099.87,41
1363,Vendas,3704.05,37
1364,Marketing,9320.35,28
1365,Vendas,13013.61,32
1366,Marketing,14820.8,57
1367,Engenharia,10705.39,53
1368,RH,9939.09,61
1369,RH,5577.86,46
1370,Diretoria,12521.57,64
1371,Diretoria,6067.92,54
1372,Marketing,12805.94,55
1373,Diretoria,9179.32,38
1374,Diretoria,5572.69,54
1375,Marketing,7968.75,44
1376,Engenharia,6369.35,28
1377,Diretoria,7759.64,28
1378,TI,5916.88,40
1379,RH,8388.93,32
1380,Vendas,6937.13,64
1381,RH,8205.35,47
1382,TI,5625.92,34
1383,RH,14714.87,47
1384,Vendas,12736.47,55
1385,Engenharia,3028.4,30
1386,RH,8529.79,36
1387,Marketing,10428.12,59
1388,TI,8032.57,65
1389,TI,8747.24,45
1390,Diretoria,7559.79,56
1391,Engenharia,10617.84,60
1392,Engenharia,11418.41,24
1393,Marketing,3713.78,37
1394,RH,6874.34,41
1395,Diretoria,12258.5,46
1396,Vendas,13640.09,26
1397,Engenharia,14819.18,45
1398,TI,14026.26,43
1399,Vendas,13813.46,58
1400,TI,8344.46,28
1401,Marketing,7455.1,48
1402,Vendas,12537.19,61
1403,Marketing,10819.76,30
1404,Vendas,5878.95,20
1405,Engenharia,12732.06,53
1406,Engenharia,5867.81,32
1407,Engenharia,3719.04,41
1408,TI,7627.93,55
1409,Engenharia,11286.44,33
1410,Engenharia,8562.96,49
1411,Vendas,12621.95,20
1412,Diretoria,13734.77,24
1413,Diretoria,8320.47,59
1414,Marketing,12533.81,41
1415,Vendas,6821.13,39
1416,RH,10167.34,24
1417,Diretoria,9853.05,53
1418,Diretoria,11216.18,41
1419,TI,7104.06,50
1420,RH,8269.12,60
1421,RH,11964.07,59
1422,Vendas,5004.23,47
1423,RH,7831.24,34
1424,Engenharia,3742.86,37
1425,Engenharia,13166.89,23
1426,Engenharia,14999.1,65
1427,Engenharia,11466.81,39
1428,Engenharia,10553.97,65
1429,TI,12580.98,60
1430,Vendas,9930.5,27
1431,Vendas,11800.67,38
1432,RH,4475.1,48
1433,Engenharia,12852.58,53
1434,Diretoria,11835.82,50
1435,Diretoria,6064.09,48
1436,Engenharia,8228.4,30
1437,TI,9917.04,32
1438,TI,3606.03,34
1439,TI,9042.84,61
1440,Engenharia,12176.17,48
1441,TI,4073.99,22
1442,TI,7981.13,54
1443,RH,11038.91,23
1444,Diretoria,10955.66,48
1445,RH,10791.55,31
1446,Marketing,5993.97,33
1447,Engenharia,11119.85,36
1448,Vendas,12702.83,26
1449,Engenharia,8446.1,29
1450,RH,11163.06,29
1451,TI,5825.14,35
1452,Engenharia,9468.19,24
1453,TI,3027.13,47
1454,Diretoria,11372.52,34
1455,RH,11267.18,37
1456,Vendas,12263.39,54
1457,RH,7555.25,31
1458,Marketing,7816.92,56
1459,Diretoria,10744.93,29
1460,Marketing,7961.27,47
1461,Marketing,14043.08,29
1462,Diretoria,9857.35,33
1463,RH,3153.58,42
1464,Vendas,14042.05,25
1465,TI,3675.05,22
1466,Engenharia,6986.9,54
1467,Vendas,3773.45,56
1468,RH,4398.05,39
1469,Diretoria,4464.77,37
1470,Diretoria,6388.28,20
1471,TI,14220.49,57
1472,Engenharia,12984.76,25
1473,TI,7480.38,48
1474,Marketing,3262.35,20
1475,Vendas,7508.81,25
1476,Diretoria,14346.96,52
1477,TI,14378.69,57
1478,Engenharia,9061.25,59
1479,RH,8940.1,64
1480,TI,9199.02,62
1481,Vendas,12430.34,64
1482,Marketing,13972.17,64
1483,Vendas,6657.58,30
1484,RH,9451.08,57
1485,Vendas,6937.89,47
1486,Diretoria,14303.78,58
1487,RH,11471.27,36
1488,Vendas,6084.48,29
1489,Vendas,4086.58,49
1490,Marketing,13494.21,45
1491,Engenharia,13024.71,59
1492,RH,6422.97,20
1493,Diretoria,5072.01,55
1494,TI,10599.84,25
1495,Diretoria,7289.46,45
1496,Diretoria,8304.75,30
1497,Engenharia,6958.3,25
1498,Engenharia,4217.43,31
1499,Marketing,11388.31,31
1500,RH,6053.86,29
1501,Vendas,10746.88,22
1502,Vendas,7029.62,34
1503,Vendas,4204.13,28
1504,Vendas,7102.79,27
1505,Diretoria,14799.5,63
1506,Diretoria,8293.66,42
1507,Engenharia,3861.1,51
1508,Vendas,14936.17,46
1509,TI,4706.2,58
1510,Marketing,11067.2,35
1511,RH,11749.12,52
1512,TI,8046.68,21
1513,Diretoria,4860.25,45
1514,Diretoria,5888.3,20
1515,TI,6769.22,33
1516,Marketing,9475.53,49
1517,TI,5208.4,28
1518,RH,4944.48,22
1519,Engenharia,3176.69,62
1520,Marketing,4761.91,64
1521,TI,5291.5,31
1522,TI,5022.39,42
1523,RH,8905.93,55
1524,TI,10885.79,58
1525,Vendas,14137.28,37
1526,Diretoria,12113.52,38
1527,Engenharia,11133.15,31
1528,RH,3573.15,34
1529,Diretoria,13188.22,52
1530,RH,10416.01,34
1531,RH,4738.51,34
1532,Engenharia,8550.85,38
1533,TI,14985.33,64
1534,TI,10740.77,63
1535,TI,3941.51,24
1536,RH,4859.91,59
1537,Diretoria,6771.48,35
1538,Engenharia,6010.77,60
1539,Vendas,4168.09,34
1540,Engenharia,11654.76,60
1541,Vendas,9781.49,23
1542,Diretoria,5657.7,45
1543,RH,6898.64,53
1544,Engenharia,11252.35,20
1545,Marketing,14461.99,51
1546,Vendas,10117.02,52
1547,Marketing,12995.09,45
1548,Marketing,7125.47,22
1549,Vendas,13283.46,55
1550,RH,8550.84,43
1551,Diretoria,13276.98,35
1552,Vendas,13111.4,21
1553,Engenharia,9999.02,59
1554,Diretoria,8716.82,23
1555,Marketing,14831.96,22
1556,RH,11516.45,51
1557,Engenharia,3480.17,60
1558,Diretoria,4790.84,23
1559,Marketing,14012.05,51
1560,Diretoria,14351.59,64
1561,Marketing,13497.35,56
1562,RH,9684.78,30
1563,Marketing,3542.28,59
1564,TI,9375.92,45
1565,Vendas,8794.21,60
1566,Vendas,12001.39,61
1567,Diretoria,7370.19,59
1568,Vendas,14290.82,43
1569,TI,8650.22,54
1570,RH,11790.36,28
1571,TI,5200.69,21
1572,RH,13611.46,41
1573,Marketing,4587.58,47
1574,Vendas,10132.62,20
1575,Diretoria,8289.7,24
1576,RH,4370.58,51
1577,Marketing,10150.27,51
1578,Vendas,3762.82,40
1579,Vendas,10882.51,60
1580,RH,6336.39,23
1581,Diretoria,9896.16,49
1582,Engenharia,10124.77,23
1583,Vendas,5864.37,50
1584,Engenharia,10985.87,60
1585,TI,13008.69,28
1586,TI,4323.72,56
1587,RH,10689.53,45
1588,Marketing,10899.31,63
1589,Marketing,7894.63,39
1590,Engenharia,5328.97,28
1591,Diretoria,11828.76,62
1592,Vendas,10997.65,62
1593,TI,9618.84,34
1594,Diretoria,6703.47,50
1595,Vendas,3006.19,43
1596,Marketing,5482.42,44
1597,TI,11055.3,63
1598,Engenharia,7768.54,42
1599,Vendas,8883.65,40
1600,TI,3764.2,33
1601,RH,3151.74,63
1602,Vendas,7698.77,36
1603,Engenharia,4688.29,57
1604,TI,10171.22,61
1605,TI,12836.65,62
1606,Marketing,8614.9,26
1607,RH,4619.36,63
1608,TI,12754.17,31
1609,Engenharia,11513.68,22
1610,TI,4103.3,62
1611,TI,6334.8,53
1612,Marketing,10697.73,51
1613,TI,4779.09,58
1614,Diretoria,12638.29,32
1615,Marketing,5222.65,37
1616,RH,3290.89,35
1617,Vendas,9203.82,48
1618,RH,10877.16,34
1619,Marketing,7912.39,23
1620,TI,3852.18,21
1621,RH,7681.35,37
1622,Vendas,9101.11,39
1623,Vendas,13244.23,57
1624,Marketing,13909.0,64
1625,Diretoria,3125.95,60
1626,RH,9837.01,55
1627,Diretoria,14606.44,38
1628,Diretoria,4192.02,33
1629,TI,4812.36,52
1630,Diretoria,6594.21,42
1631,Vendas,7909.79,34
1632,RH,6671.37,54
1633,Engenharia,14575.47,46
1634,Marketing,9371.58,62
1635,Vendas,9877.89,63
1636,Engenharia,13275.75,65
1637,Engenharia,3592.67,27
1638,RH,13724.71,54
1639,Marketing,13743.88,64
1640,RH,14036.68,38
1641,Vendas,5730.76,52
1642,Engenharia,5571.85,29
1643,Diretoria,4331.37,44
1644,Diretoria,12291.15,35
1645,Marketing,7881.46,54
1646,Marketing,12128.81,61
1647,RH,14550.55,52
1648,Diretoria,3461.86,54
1649,Engenharia,11840.87,30
1650,RH,7813.87,31
1651,TI,11950.64,58
1652,Vendas,5219.54,53
1653,Marketing,10116.23,39
1654,TI,7605.3,60
1655,Vendas,7093.52,45
1656,Engenharia,11074.68,54
1657,Vendas,14389.85,46
1658,Engenharia,12282.75,21
1659,RH,3349.93,52
1660,Vendas,13921.05,46
1661,TI,4628.77,59
1662,Marketing,8116.88,51
1663,RH,9758.2,40
1664,Marketing,5570.8,46
1665,TI,12146.09,44
1666,TI,11888.24,53
1667,Engenharia,13557.11,30
1668,Engenharia,8430.75,59
1669,Diretoria,9117.97,65
1670,TI,14907.09,44
1671,RH,12028.3,63
1672,Vendas,11698.78,23
1673,Diretoria,4854.15,53
1674,RH,9436.5,47
1675,Vendas,4709.18,22
1676,Engenharia,4782.53,55
1677,Diretoria,12340.29,32
1678,Diretoria,7519.31,24
1679,Marketing,5757.76,23
1680,Engenharia,12302.68,23
1681,TI,10378.98,55
1682,Engenharia,12032.4,55
1683,TI,14289.13,29
1684,Vendas,8240.64,35
1685,Marketing,10332.35,32
1686,Diretoria,12131.02,37
1687,Diretoria,6673.99,29
1688,Diretoria,13325.03,55
1689,Marketing,4471.69,24
1690,Marketing,6788.87,46
1691,Diretoria,7424.41,43
1692,Marketing,13860.15,38
1693,TI,7581.47,49
1694,TI,3891.11,40
1695,Vendas,7378.32,58
1696,TI,10540.72,61
1697,Marketing,8887.23,43
1698,RH,14984.76,25
1699,RH,3325.59,26
1700,RH,7416.33,48
1701,Engenharia,4035.65,57
1702,RH,13028.54,43
1703,Diretoria,3618.33,49
1704,Marketing,4680.98,58
1705,Vendas,13522.54,33
1706,TI,10587.28,41
1707,TI,5298.25,59
1708,RH,11810.34,20
1709,Diretoria,5235.87,39
1710,Engenharia,5574.17,27
1711,Marketing,12955.91,50
1712,Marketing,10833.63,37
1713,TI,11687.89,20
1714,Vendas,6920.15,40
1715,Diretoria,13595.24,58
1716,Marketing,13158.5,46
1717,Vendas,13396.17,41
1718,Vendas,9051.81,42
1719,Vendas,4212.29,59
1720,Marketing,6515.13,37
1721,Engenharia,8313.45,60
1722,Diretoria,6927.51,36
1723,Marketing,7519.12,47
1724,Diretoria,12184.13,38
1725,Diretoria,3421.74,65
1726,RH,11694.26,37
1727,Diretoria,11887.38,30
1728,TI,13162.01,58
1729,Diretoria,10231.46,22
1730,Marketing,10607.9,60
1731,Diretoria,14117.98,30
1732,Marketing,12589.97,61
1733,RH,3105.22,63
1734,Marketing,12773.28,28
1735,RH,5181.86,21
1736,TI,10456.06,39
1737,Diretoria,11603.36,27
1738,Marketing,9672.77,46
1739,Engenharia,14523.65,31
1740,Marketing,3552.91,39
1741,Marketing,11423.55,58
1742,TI,10068.85,51
1743,Vendas,8191.55,42
1744,TI,10579.18,23
1745,RH,4581.3,61
1746,TI,13212.9,21
1747,Marketing,6044.76,64
1748,Marketing,11399.38,63
1749,TI,14679.02,62
1750,Marketing,13076.02,55
1751,TI,14018.16,35
1752,Marketing,11417.18,45
1753,Diretoria,11032.03,31
1754,Engenharia,8158.48,50
1755,Vendas,4689.65,50
1756,TI,8755.35,28
1757,Marketing,5700.01,39
1758,Engenharia,13627.97,45
1759,Vendas,8982.96,44
1760,Marketing,3652.42,59
1761,Vendas,4198.66,43
1762,Vendas,10227.97,54
1763,RH,5654.11,21
1764,TI,12582.08,44
1765,TI,11195.78,41
1766,Engenharia,4371.25,52
1767,Engenharia,4011.92,63
1768,RH,9544.12,35
1769,Marketing,12507.81,31
1770,Diretoria,6262.35,23
1771,TI,14420.11,55
1772,Marketing,11773.86,48
1773,Diretoria,13562.07,55
1774,Diretoria,14260.77,29
1775,Diretoria,3474.6,37
1776,Diretoria,12383.2,48
1777,Diretoria,7926.33,50
1778,Engenharia,7443.12,24
1779,Engenharia,8312.47,50
1780,Diretoria,4644.49,55
1781,Engenharia,3598.5,39
1782,Vendas,8861.27,51
1783,Marketing,13572.39,55
1784,Marketing,5561.69,40
1785,Marketing,11244.29,55
1786,Marketing,10084.29,26
1787,TI,10477.63,41
1788,RH,5270.81,31
1789,Vendas,10947.02,20
1790,Marketing,8676.29,32
1791,Diretoria,13562.25,28
1792,Diretoria,14439.54,47
1793,Vendas,4317.88,36
1794,Vendas,8354.77,25
1795,Diretoria,5361.23,48
1796,TI,7415.58,64
1797,Vendas,9378.01,46
1798,TI,7074.38,32
1799,Engenharia,10944.96,57
1800,TI,5521.91,61
1801,Marketing,4073.86,63
1802,Engenharia,8466.93,42
1803,Marketing,10575.93,27
1804,Engenharia,11891.7,45
1805,RH,4652.66,52
1806,Diretoria,4937.4,65
1807,Vendas,8792.75,20
1808,Vendas,12067.23,21
1809,RH,13322.75,47
1810,Vendas,6493.02,26
1811,Vendas,14307.67,39
1812,TI,4058.92,53
1813,Vendas,4867.61,55
1814,Diretoria,13769.6,61
1815,Vendas,5457.13,23
1816,Marketing,13181.25,49
1817,Diretoria,8782.1,58
1818,Vendas,5894.03,59
1819,RH,7347.78,59
1820,Diretoria,10219.1,46
1821,Diretoria,5256.21,23
1822,Engenharia,3142.87,55
1823,Vendas,10966.52,38
1824,RH,12195.52,35
1825,Vendas,12968.09,24
1826,RH,11790.07,54
1827,Diretoria,8325.96,23
1828,Vendas,3565.69,60
1829,Engenharia,10761.27,65
1830,Marketing,10326.61,36
1831,TI,12962.87,41
1832,Marketing,5111.76,59
1833,TI,11281.57,48
1834,Marketing,11692.95,55
1835,RH,14279.5,49
1836,TI,6768.71,23
1837,TI,10841.35,45
1838,Engenharia,11885.61,26
1839,Diretoria,9575.7,31
1840,TI,13299.77,48
1841,TI,10734.9,51
1842,TI,10084.67,56
1843,Vendas,5331.38,26
1844,Marketing,4166.03,37
1845,Vendas,11579.63,44
1846,Diretoria,4157.46,59
1847,Diretoria,7844.77,45
1848,Engenharia,14475.07,30
1849,Vendas,10009.55,51
1850,Engenharia,10319.91,59
1851,Diretoria,12231.46,46
1852,TI,13881.15,37
1853,Marketing,5818.75,31
1854,TI,9844.78,45
1855,RH,13053.32,65
1856,Engenharia,13559.15,51
1857,RH,5457.79,23
1858,Marketing,7835.79,32
1859,Vendas,8858.05,61
1860,Engenharia,13080.72,57
1861,Vendas,12098.38,63
1862,RH,13366.39,52
1863,Marketing,6613.14,57
1864,RH,8585.98,48
1865,Vendas,8158.12,30
1866,TI,7971.9,49
1867,Vendas,7295.68,23
1868,Marketing,4847.91,51
1869,RH,3201.16,29
1870,Diretoria,6744.57,65
1871,RH,5831.28,43
1872,Vendas,12920.36,31
1873,Vendas,11206.98,48
1874,Diretoria,13796.09,35
1875,Marketing,5683.54,52
1876,RH,14975.04,29
1877,TI,6081.65,28
1878,Diretoria,14676.16,29
1879,Engenharia,9405.14,52
1880,Marketing,6969.63,33
1881,Vendas,11783.19,63
1882,Diretoria,3403.19,63
1883,RH,10368.75,24
1884,Diretoria,4667.22,30
1885,Engenharia,14479.83,33
1886,Engenharia,11745.66,65
1887,Engenharia,6809.39,58
1888,Engenharia,5426.49,56
1889,Vendas,5392.51,49
1890,Vendas,6687.53,39
1891,RH,10163.3,51
1892,Marketing,4289.0,38
1893,Vendas,6818.64,65
1894,TI,8518.2,37
1895,Engenharia,3092.87,28
1896,RH,9113.95,54
1897,Vendas,8759.2,27
1898,Diretoria,3034.29,47
1899,Marketing,14844.33,29
1900,Vendas,14805.51,56
1901,Marketing,3843.11,25
1902,RH,3315.63,55
1903,Engenharia,3932.64,59
1904,TI,11377.29,22
1905,Marketing,9519.44,27
1906,RH,14535.35,37
1907,Marketing,9472.38,20
1908,Marketing,14201.9,37
1909,Marketing,5609.73,57
1910,Vendas,7959.24,52
1911,RH,13041.16,21
1912,Vendas,6975.66,43
1913,Engenharia,10285.18,43
1914,Marketing,14008.92,60
1915,Diretoria,12138.91,35
1916,Engenharia,5213.78,65
1917,Engenharia,14034.5,46
1918,TI,6649.14,40
1919,Marketing,14407.58,46
1920,Vendas,9250.85,46
1921,Vendas,8193.12,55
1922,Marketing,12954.8,38
1923,Engenharia,7313.92,65
1924,RH,8909.13,47
1925,RH,4941.88,34
1926,Vendas,7108.58,58
1927,Engenharia,3028.41,48
1928,Diretoria,3680.07,64
1929,Engenharia,8753.19,28
1930,Vendas,4515.86,59
1931,Diretoria,14845.12,33
1932,Vendas,4208.57,60
1933,RH,5244.04,36
1934,RH,10895.02,39
1935,Marketing,3711.6,27
1936,Diretoria,3382.06,31
1937,Marketing,6680.71,35
1938,Engenharia,5502.97,53
1939,TI,12504.0,55
1940,Diretoria,9827.59,43
1941,Vendas,4817.57,20
1942,Engenharia,7152.47,63
1943,TI,9627.52,51
1944,Vendas,13554.02,62
1945,Engenharia,12006.43,33
1946,Vendas,8209.17,31
1947,Marketing,8095.64,40
1948,Marketing,8490.29,28
1949,Vendas,3727.48,35
1950,Engenharia,5543.6,29
1951,Vendas,10482.0,31
1952,Engenharia,8449.6,27
1953,Marketing,9385.97,45
1954,TI,3607.05,22
1955,Marketing,3830.61,42
1956,Diretoria,4137.59,50
1957,Engenharia,6645.9,47
1958,RH,14348.66,48
1959,Marketing,10732.49,49
1960,Marketing,14745.61,27
1961,Diretoria,13297.48,22
1962,TI,11386.51,40
1963,Diretoria,4741.33,37
1964,TI,10400.35,26
1965,Engenharia,3362.81,22
1966,TI,5275.19,41
1967,Marketing,10128.36,52
1968,Marketing,14062.9,55
1969,TI,12736.23,30
1970,Marketing,13677.64,45
1971,TI,3364.38,58
1972,RH,5268.87,45
1973,RH,11709.77,45
1974,Engenharia,3097.85,62
1975,Diretoria,5485.54,57
1976,RH,6340.28,58
1977,Diretoria,4310.55,39
1978,Diretoria,7157.09,37
1979,Engenharia,7807.69,25
1980,Vendas,9604.89,52
1981,Diretoria,11960.22,21
1982,Diretoria,5401.34,47
1983,Engenharia,9326.0,52
1984,Diretoria,4496.48,47
1985,Marketing,6112.61,43
1986,Diretoria,10152.05,21
1987,Marketing,6842.4,65
1988,Marketing,8824.44,24
1989,Marketing,4643.92,36
1990,Engenharia,14757.93,58
1991,Vendas,9296.36,46
1992,Engenharia,3727.69,42
1993,TI,9344.14,30
1994,Engenharia,12092.76,50
1995,Vendas,11650.34,54
1996,Vendas,10501.06,49
1997,Diretoria,5052.46,30
1998,Marketing,7976.55,25
1999,Diretoria,5085.41,48
2000,Engenharia,11538.62,37
2001,Engenharia,7610.29,57
2002,Vendas,11185.85,28
2003,Vendas,5685.2,25
2004,Marketing,10051.0,53
2005,Engenharia,13100.54,21
2006,TI,3889.79,39
2007,Marketing,6845.33,44
2008,Vendas,5336.51,29
2009,TI,8070.49,29
2010,RH,6737.12,40
2011,Marketing,9736.56,46
2012,Diretoria,3550.55,28
2013,Diretoria,13026.21,37
2014,Engenharia,6029.95,54
2015,TI,14182.16,44
2016,Diretoria,14616.83,43
2017,Marketing,7047.55,39
2018,Diretoria,11619.83,25
2019,Marketing,12867.07,49
2020,Marketing,14538.64,46
2021,Engenharia,10037.74,37
2022,TI,10797.66,24
2023,Vendas,10507.01,63
2024,TI,12830.71,55
2025,TI,10306.85,57
2026,Engenharia,6295.68,36
2027,Marketing,3068.63,24
2028,Diretoria,5075.85,52
2029,Engenharia,9797.07,30
2030,RH,9789.75,34
2031,Engenharia,5865.36,41
2032,TI,5334.54,27
2033,Vendas,4419.02,32
2034,Marketing,7943.77,20
2035,Diretoria,8002.27,41
2036,Engenharia,3114.68,45
2037,Marketing,12196.66,25
2038,TI,7819.05,27
2039,TI,12776.35,54
2040,Diretoria,6163.14,63
2041,Engenharia,4593.39,25
2042,RH,7888.9,36
2043,RH,3468.41,23
2044,RH,3018.91,55
2045,Vendas,7481.83,56
2046,Vendas,9407.52,43
2047,Diretoria,3847.81,57
2048,Vendas,5944.05,44
2049,Diretoria,11621.92,29
2050,Diretoria,7162.73,27
2051,RH,5043.53,32
2052,RH,5331.4,59
2053,Engenharia,8327.61,27
2054,Engenharia,9087.83,60
2055,Diretoria,12526.79,26
2056,RH,10070.43,55
2057,Diretoria,12546.25,31
2058,RH,5162.44,62
2059,Marketing,7448.76,55
2060,Diretoria,5372.2,26
2061,Marketing,12942.86,26
2062,TI,10862.32,38
2063,Vendas,7382.07,21
2064,Diretoria,13094.06,51
2065,TI,7979.81,54
2066,Diretoria,10716.13,49
2067,TI,6071.97,64
2068,TI,3631.08,39
2069,Diretoria,8499.49,51
2070,Engenharia,7286.84,49
2071,Engenharia,9041.45,43
2072,Vendas,7879.6,20
2073,Vendas,11770.55,58
2074,Marketing,7923.85,43
2075,Vendas,13149.77,58
2076,Diretoria,14706.43,65
2077,Engenharia,8226.41,65
2078,TI,3662.63,49
2079,Engenharia,11442.54,50
2080,Diretoria,7444.69,40
2081,Engenharia,8651.22,29
2082,Marketing,8048.74,63
2083,TI,5117.2,28
2084,Engenharia,12409.13,22
2085,Engenharia,10620.28,63
2086,TI,13025.26,23
2087,TI,12008.93,36
2088,Vendas,10568.07,64
2089,Diretoria,6919.12,28
2090,Engenharia,6458.76,48
2091,TI,9414.82,43
2092,RH,5628.54,24
2093,Diretoria,13956.31,48
2094,Diretoria,4820.34,59
2095,Engenharia,8312.11,25
2096,Marketing,3117.9,30
2097,Marketing,13635.35,35
2098,Marketing,6805.42,38
2099,RH,6263.95,61
2100,TI,3886.69,21
2101,Engenharia,12206.12,27
2102,Engenharia,9301.88,55
2103,Diretoria,14689.21,43
2104,Marketing,10108.75,51
2105,Vendas,11968.23,43
2106,TI,3292.18,55
2107,Engenharia,6170.84,30
2108,Marketing,13107.6,27
2109,Engenharia,8662.94,53
2110,Vendas,4325.17,22
2111,Vendas,9674.76,32
2112,Vendas,3819.71,52
2113,Vendas,8417.08,41
2114,Vendas,14694.06,49
2115,Engenharia,5724.84,43
2116,RH,4781.32,59
2117,Engenharia,11055.34,39
2118,Engenharia,5983.5,36
2119,Engenharia,3671.24,47
2120,Vendas,12038.02,31
2121,Engenharia,14759.73,22
2122,TI,14986.99,40
2123,Diretoria,13265.42,35
2124,Diretoria,4832.15,23
2125,Diretoria,13779.09,59
2126,TI,6639.06,56
2127,Vendas,5381.59,46
2128,Diretoria,3066.97,58
2129,TI,13113.29,20
2130,Diretoria,14724.65,58
2131,RH,8944.52,55
2132,Diretoria,7695.0,25
2133,TI,13084.87,37
2134,Vendas,4406.47,41
2135,Vendas,9092.27,25
2136,Diretoria,13306.41,24
2137,Marketing,4411.16,26
2138,Marketing,10699.46,48
2139,Engenharia,3449.16,31
2140,RH,11903.66,45
2141,Vendas,3402.66,33
2142,RH,11393.05,56
2143,Diretoria,4535.03,53
2144,Marketing,11430.08,52
2145,Engenharia,10426.95,65
2146,Diretoria,3921.43,49
2147,RH,7478.65,42
2148,Engenharia,12329.94,39
2149,Diretoria,3384.77,50
2150,Engenharia,6559.08,56
2151,Vendas,6855.85,65
2152,Diretoria,8158.37,30
2153,Marketing,10292.11,36
2154,TI,10610.53,49
2155,TI,13693.32,52
2156,TI,5573.14,60
2157,RH,14442.6,65
2158,RH,8556.96,36
2159,TI,7030.72,39
2160,Engenharia,5455.83,54
2161,RH,12726.52,58
2162,Diretoria,14367.58,40
2163,Vendas,8822.96,44
2164,Marketing,4097.35,63
2165,Engenharia,13293.21,48
2166,RH,6029.97,36
2167,Diretoria,6468.66,55
2168,Engenharia,5550.26,28
2169,TI,12680.02,25
2170,Marketing,12578.3,51
2171,TI,13347.16,21
2172,Engenharia,10973.35,47
2173,Marketing,9215.47,31
2174,TI,4402.36,32
2175,Marketing,12379.81,62
2176,Marketing,4918.06,43
2177,Vendas,9795.31,43
2178,Marketing,12896.88,45
2179,RH,14132.21,44
2180,RH,7571.72,63
2181,Marketing,10145.36,27
2182,Vendas,10439.41,59
2183,RH,7001.89,36
2184,Vendas,8584.96,20
2185,TI,3615.33,50
2186,RH,5607.45,53
2187,Marketing,8489.43,24
2188,TI,3366.22,48
2189,RH,8321.57,31
2190,Vendas,6322.82,24
2191,RH,6296.18,39
2192,RH,8470.84,63
2193,Engenharia,7721.04,62
2194,Diretoria,10609.01,64
2195,Engenharia,6951.19,49
2196,RH,9710.36,44
2197,Engenharia,3835.8,27
2198,Vendas,10120.01,41
2199,RH,3886.91,46
2200,TI,8060.94,46
2201,TI,10410.91,23
2202,Engenharia,10746.2,39
2203,TI,4994.75,47
2204,Engenharia,5465.23,37
2205,Diretoria,7245.46,60
2206,Vendas,6643.45,22
2207,Diretoria,11977.38,52
2208,Marketing,3625.3,36
2209,Diretoria,7384.42,56
2210,TI,11692.9,21
2211,TI,8681.91,29
2212,Marketing,14485.41,47
2213,Marketing,3300.85,62
2214,RH,4783.65,65
2215,Marketing,7188.57,29
2216,Vendas,7491.44,24
2217,Vendas,3804.15,49
2218,Diretoria,6840.94,57
2219,RH,8867.77,34
2220,TI,10012.61,32
2221,TI,8814.04,23
2222,Vendas,4338.9,20
2223,RH,8133.51,46
2224,TI,8578.63,46
2225,Diretoria,8887.33,24
2226,RH,4714.83,50
2227,Engenharia,12442.35,32
2228,TI,6286.15,26
2229,TI,11487.48,55
2230,Engenharia,14078.33,55
2231,RH,13982.42,63
2232,Vendas,7710.89,59
2233,TI,3628.94,42
2234,Engenharia,7634.56,61
2235,TI,5921.65,49
2236,Vendas,13444.23,57
2237,RH,10979.87,42
2238,Marketing,11369.05,57
2239,Engenharia,3306.95,51
2240,Engenharia,10212.81,29
2241,Engenharia,12030.54,34
2242,Engenharia,7502.62,28
2243,Diretoria,7855.65,53
2244,Engenharia,6226.49,55
2245,Marketing,12890.98,29
2246,TI,8072.24,41
2247,Vendas,8200.98,63
2248,RH,3428.34,20
2249,Diretoria,13933.67,21
2250,Marketing,5130.05,55
2251,Engenharia,11995.1,59
2252,Engenharia,8094.1,47
2253,Engenharia,9432.46,60
2254,Diretoria,10060.83,20
2255,Marketing,13449.0,52
2256,TI,9995.54,60
2257,Marketing,6869.27,28
2258,TI,3528.84,51
2259,Engenharia,12619.47,59
2260,TI,9113.37,48
2261,Engenharia,7492.09,52
2262,TI,13858.55,25
2263,Vendas,5166.04,41
2264,Engenharia,14212.73,46
2265,RH,11627.79,22
2266,RH,3639.01,65
2267,Marketing,8594.74,41
2268,Engenharia,11917.49,45
2269,Vendas,5301.58,65
2270,Vendas,12137.31,21
2271,Marketing,3666.78,36
2272,Vendas,4325.69,44
2273,Diretoria,6015.02,25
2274,Marketing,13549.32,39
2275,Engenharia,9819.18,63
2276,RH,3906.4,24
2277,Diretoria,9380.97,41
2278,Diretoria,11982.97,42
2279,Engenharia,9732.83,25
2280,Marketing,14764.66,47
2281,Marketing,11945.68,57
2282,RH,4995.42,30
2283,Diretoria,7251.37,42
2284,Diretoria,11158.03,23
2285,TI,12303.52,29
2286,Engenharia,5987.79,24
2287,Marketing,4224.04,64
2288,Engenharia,6050.93,46
2289,Vendas,7768.36,44
2290,Vendas,13820.67,25
2291,Vendas,13092.53,39
2292,Marketing,6149.39,28
2293,Marketing,5186.47,58
2294,Marketing,12235.92,60
2295,TI,10813.3,37
2296,Vendas,6595.68,49
2297,RH,11097.19,51
2298,TI,10416.06,25
2299,Marketing,4137.49,52
2300,Marketing,12868.78,37
2301,TI,3777.36,42
2302,Engenharia,13223.56,48
2303,Vendas,8867.45,55
2304,Diretoria,12702.36,65
2305,Engenharia,3287.79,35
2306,Diretoria,8691.94,38
2307,Marketing,9066.87,26
2308,TI,13618.17,23
2309,Engenharia,11779.49,29
2310,Vendas,7253.14,57
2311,TI,5892.81,63
2312,RH,3617.89,47
2313,Marketing,7015.35,49
2314,Diretoria,12843.09,25
2315,Diretoria,5382.8,62
2316,Diretoria,7884.97,59
2317,Vendas,12448.22,45
2318,RH,12113.36,49
2319,TI,10432.73,41
2320,Diretoria,10012.34,56
2321,Diretoria,8603.69,29
2322,Diretoria,4578.98,23
2323,TI,12879.52,65
2324,Vendas,4815.9,50
2325,Diretoria,13052.6,20
2326,Diretoria,6321.02,55
2327,RH,6197.72,31
2328,Vendas,10803.61,20
2329,RH,13669.57,48
2330,Vendas,10847.13,21
2331,RH,5480.9,39
2332,Vendas,11924.81,60
2333,TI,6835.43,61
2334,TI,5511.98,48
2335,RH,9676.28,34
2336,TI,8418.63,49
2337,RH,12911.44,26
2338,Engenharia,4005.82,26
2339,TI,9708.66,23
2340,RH,12129.75,50
2341,Vendas,10965.09,20
2342,TI,11386.62,43
2343,Engenharia,6950.81,37
2344,Marketing,13085.85,41
2345,RH,11904.83,36
2346,Marketing,6938.24,41
2347,Diretoria,5996.1,59
2348,Vendas,11631.99,26
2349,TI,8549.09,48
2350,RH,9968.23,44
2351,Marketing,8789.73,23
2352,TI,9284.04,63
2353,Diretoria,11131.29,28
2354,Engenharia,3242.19,45
2355,Vendas,10436.04,34
2356,RH,4065.27,44
2357,Engenharia,11555.07,33
2358,TI,3727.51,48
2359,Engenharia,8234.53,26
2360,TI,5586.03,36
2361,Engenharia,9120.65,33
2362,Marketing,3269.74,38
2363,RH,10588.62,53
2364,Engenharia,9776.88,29
2365,Marketing,4326.56,60
2366,RH,3632.56,51
2367,TI,5137.23,65
2368,Diretoria,12169.25,48
2369,Vendas,9641.8,60
2370,Marketing,12397.32,38
2371,Marketing,12884.34,37
2372,Vendas,7453.78,48
2373,Vendas,12219.44,47
2374,Vendas,3346.28,37
2375,Diretoria,11777.22,36
2376,RH,13785.88,40
2377,Vendas,11828.82,43
2378,TI,11920.23,25
2379,Vendas,10720.02,58
2380,Diretoria,14357.8,24
2381,RH,4678.78,48
2382,RH,11629.12,42
2383,RH,7820.3,44
2384,Engenharia,9121.37,55
2385,Engenharia,13519.38,31
2386,Diretoria,9177.68,21
2387,RH,11885.58,57
2388,Engenharia,4382.99,51
2389,RH,4042.43,65
2390,RH,8046.75,39
2391,Engenharia,3677.8,52
2392,Marketing,10232.29,46
2393,RH,9943.95,54
2394,Marketing,11847.44,41
2395,Marketing,6626.83,60
2396,TI,5459.95,42
2397,Marketing,9087.83,54
2398,TI,13639.11,56
2399,Engenharia,7645.89,45
2400,Diretoria,9365.73,41
2401,TI,13609.89,41
2402,Diretoria,9689.62,39
2403,RH,9125.95,58
2404,Marketing,12725.04,51
2405,Marketing,4361.94,32
2406,RH,6175.96,59
2407,TI,9970.09,21
2408,TI,12752.46,20
2409,Diretoria,3018.34,26
2410,TI,14129.25,25
2411,Vendas,7803.47,31
2412,Engenharia,3005.05,36
2413,TI,13308.39,58
2414,Engenharia,7517.03,39
2415,Vendas,10022.66,30
2416,Diretoria,4875.21,36
2417,TI,9598.8,40
2418,Engenharia,11023.72,21
2419,Marketing,9077.66,48
2420,Vendas,10821.54,20
2421,Engenharia,14163.96,40
2422,Engenharia,14933.99,25
2423,Vendas,11403.36,31
2424,RH,3240.7,61
2425,TI,12708.08,61
2426,Marketing,9680.11,50
2427,RH,4204.17,44
2428,Diretoria,9983.86,62
2429,Marketing,7771.38,55
2430,Diretoria,5501.29,36
2431,Diretoria,3871.39,37
2432,Engenharia,11645.07,43
2433,RH,14001.49,23
2434,Marketing,8161.38,26
2435,Vendas,5600.33,52
2436,TI,10303.47,38
2437,Marketing,9832.65,49
2438,RH,6668.2,54
2439,Marketing,4102.95,59
2440,Vendas,12910.16,57
2441,Engenharia,12582.81,37
2442,Diretoria,14830.33,21
2443,Vendas,11502.32,25
2444,Vendas,12151.62,32
2445,TI,4404.91,62
2446,Diretoria,4165.84,29
2447,TI,3194.2,21
2448,Vendas,4335.47,64
2449,Diretoria,13854.8,57
2450,Engenharia,4883.87,45
2451,TI,6836.05,49
2452,Marketing,10337.62,21
2453,TI,4431.97,30
2454,Engenharia,4620.0,33
2455,Marketing,7314.63,30
2456,Marketing,6913.45,23
2457,Diretoria,3313.57,31
2458,TI,5930.05,63
2459,Vendas,6711.97,26
2460,TI,5606.74,61
2461,RH,9914.05,26
2462,RH,5694.59,51
2463,Vendas,12001.76,40
2464,TI,11036.77,22
2465,TI,9364.03,33
2466,TI,4040.71,36
2467,Engenharia,13116.15,44
2468,Marketing,8387.9,59
2469,RH,5633.05,58
2470,Marketing,14707.41,45
2471,RH,13097.16,42
2472,Marketing,7465.47,52
2473,Engenharia,9214.41,33
2474,Vendas,12610.95,21
2475,Diretoria,10351.52,57
2476,Engenharia,7051.47,61
2477,TI,9529.16,26
2478,TI,13574.8,45
2479,TI,13661.33,56
2480,Vendas,11088.09,60
2481,RH,6895.81,46
2482,Diretoria,14006.0,28
2483,Vendas,13021.69,65
2484,Marketing,14802.96,56
2485,Diretoria,6744.89,56
2486,Marketing,7776.08,32
2487,TI,3315.17,39
2488,TI,4003.33,55
2489,Marketing,5732.67,41
2490,Diretoria,6054.97,51
2491,Vendas,9526.36,48
2492,Marketing,5382.83,61
2493,Diretoria,12205.07,30
2494,Diretoria,9478.92,21
2495,Diretoria,4414.32,59
2496,TI,3104.67,49
2497,Engenharia,13815.54,37
2498,Marketing,7900.4,63
2499,RH,4039.47,30
2500,TI,5045.19,21
2501,Vendas,5583.84,29
2502,TI,5416.67,20
2503,TI,14772.8,63
2504,Marketing,13532.28,61
2505,Diretoria,6779.04,58
2506,RH,5095.75,22
2507,Marketing,10880.36,46
2508,RH,7106.21,49
2509,RH,11180.26,57
2510,Vendas,10229.16,58
2511,Diretoria,8986.74,20
2512,Vendas,12865.11,26
2513,Engenharia,8753.53,64
2514,Vendas,4510.23,35
2515,TI,10085.07,47
2516,Marketing,13829.98,30
2517,Engenharia,10082.09,40
2518,Engenharia,3366.73,40
2519,Diretoria,8025.23,59
2520,Vendas,11583.08,56
2521,Marketing,12329.99,32
2522,TI,11820.6,63
2523,TI,13612.45,38
2524,TI,7369.82,45
2525,TI,7271.29,25
2526,TI,12806.33,37
2527,Diretoria,3486.39,21
2528,Diretoria,3026.0,25
2529,Diretoria,10973.74,28
2530,TI,6956.16,36
2531,Engenharia,3141.1,52
2532,Marketing,7368.29,57
2533,RH,11194.08,60
2534,Diretoria,7456.02,54
2535,TI,6681.46,50
2536,Engenharia,6863.56,48
2537,Vendas,9249.13,38
2538,Marketing,4601.56,25
2539,Diretoria,6790.01,30
2540,Vendas,7123.76,50
2541,Diretoria,14568.19,59
2542,Diretoria,10618.22,63
2543,RH,8116.47,65
2544,Engenharia,10054.38,22
2545,TI,14872.86,64
2546,Marketing,11516.48,23
2547,Engenharia,10102.29,32
2548,Diretoria,11283.5,29
2549,Marketing,6253.65,58
2550,Diretoria,12069.68,55
2551,Diretoria,8421.54,23
2552,Vendas,13952.36,51
2553,Vendas,11671.14,26
2554,Diretoria,4883.35,51
2555,Vendas,13123.69,43
2556,Engenharia,5950.92,43
2557,Engenharia,12673.14,39
2558,RH,11879.27,39
2559,Vendas,7785.71,48
2560,Vendas,6147.61,39
2561,Marketing,14851.73,25
2562,Vendas,13027.08,59
2563,Vendas,8466.96,32
2564,Vendas,3659.78,40
2565,Vendas,7997.28,24
2566,Vendas,3621.19,54
2567,TI,13058.15,53
2568,Vendas,8000.7,47
2569,Vendas,11576.57,33
2570,Engenharia,12000.84,22
2571,Marketing,5782.88,62
2572,Diretoria,8769.92,54
2573,Marketing,6098.39,24
2574,Engenharia,9317.99,32
2575,Engenharia,10678.17,31
2576,Vendas,6416.93,42
2577,Vendas,7398.85,31
2578,Vendas,3449.51,36
2579,Marketing,3596.99,50
2580,RH,5817.1,65
2581,Vendas,3816.03,20
2582,Diretoria,5590.02,52
2583,Engenharia,12654.67,46
2584,RH,9647.07,56
2585,Marketing,14070.34,64
2586,TI,5537.87,34
2587,Diretoria,9547.86,54
2588,Marketing,9292.89,49
2589,RH,5759.8,35
2590,Diretoria,6975.9,29
2591,Engenharia,8499.42,59
2592,Marketing,12302.3,60
2593,Engenharia,4807.35,27
2594,RH,8975.67,24
2595,RH,12228.47,48
2596,TI,10760.72,36
2597,Engenharia,12697.21,49
2598,Engenharia,12714.8,50
2599,Vendas,13901.57,53
2600,RH,4615.63,21
2601,Diretoria,14380.76,36
2602,Diretoria,3887.48,35
2603,TI,3320.37,61
2604,TI,8381.46,50
2605,Engenharia,3539.13,35
2606,TI,12000.06,41
2607,Marketing,14410.89,26
2608,TI,11831.99,39
2609,Marketing,13556.66,64
2610,Marketing,7239.84,40
2611,RH,11779.56,32
2612,Vendas,5014.68,33
2613,TI,4626.09,60
2614,Diretoria,3631.69,64
2615,RH,9119.95,22
2616,Marketing,10728.94,52
2617,Marketing,6697.87,36
2618,RH,8233.34,47
2619,TI,9757.24,54
2620,RH,7035.79,61
2621,Vendas,3427.25,62
2622,Engenharia,10424.47,45
2623,Diretoria,3446.39,41
2624,TI,3670.49,51
2625,TI,14298.63,32
2626,Marketing,12664.16,20
2627,Diretoria,8394.84,33
2628,Diretoria,5026.39,54
2629,Engenharia,12304.54,32
2630,Engenharia,4427.84,53
2631,TI,5143.11,27
2632,RH,14504.85,37
2633,Marketing,11433.36,53
2634,Engenharia,4320.16,40
2635,Diretoria,11548.37,65
2636,Engenharia,3706.08,60
2637,Engenharia,9432.99,50
2638,RH,12147.69,29
2639,Vendas,14655.5,50
2640,Engenharia,9098.7,38
2641,Vendas,13066.29,46
2642,Diretoria,14145.42,44
2643,Diretoria,8407.35,49
2644,TI,11218.32,20
2645,Diretoria,11697.75,29
2646,RH,5605.34,27
2647,Diretoria,10116.01,21
2648,Vendas,8180.99,33
2649,TI,9657.76,42
2650,RH,10581.22,53
2651,Diretoria,12064.91,20
2652,Diretoria,8977.84,34
2653,RH,13511.66,36
2654,RH,4373.14,45
2655,RH,14686.32,21
2656,Engenharia,10922.33,54
2657,Diretoria,7279.44,50
2658,Diretoria,11173.57,45
2659,Marketing,10385.41,29
2660,TI,13464.72,26
2661,RH,5156.69,48
2662,Diretoria,4374.38,49
2663,Vendas,14132.67,34
2664,TI,9157.65,62
2665,Marketing,4457.96,28
2666,Engenharia,8284.37,41
2667,TI,7669.86,40
2668,TI,7753.24,22
2669,Marketing,3284.97,22
2670,Diretoria,11619.21,54
2671,Diretoria,5804.13,25
2672,TI,6754.82,55
2673,Vendas,10365.24,29
2674,Vendas,13148.95,20
2675,Diretoria,3154.29,64
2676,TI,11637.98,51
2677,Marketing,4637.88,65
2678,TI,6237.71,56
2679,Diretoria,6125.89,64
2680,RH,4963.77,24
2681,Marketing,9948.6,56
2682,Marketing,11955.11,31
2683,RH,12316.83,35
2684,TI,7120.11,37
2685,RH,11093.58,56
2686,Vendas,5728.96,56
2687,TI,13926.44,38
2688,RH,5324.67,59
2689,Diretoria,12384.56,51
2690,Diretoria,9574.95,48
2691,RH,14329.93,44
2692,TI,14958.09,52
2693,Marketing,13115.66,43
2694,Marketing,10009.88,64
2695,Marketing,9347.23,53
2696,RH,6762.18,41
2697,TI,4768.66,31
2698,Diretoria,10224.96,39
2699,RH,14873.14,35
2700,Vendas,7831.5,28
2701,Vendas,12975.14,33
2702,RH,12032.45,36
2703,RH,3743.28,26
2704,Engenharia,6567.08,20
2705,TI,10114.07,40
2706,Vendas,4188.72,64
2707,Engenharia,8432.59,31
2708,Vendas,5248.0,35
2709,Marketing,11100.02,41
2710,Marketing,6876.44,22
2711,Marketing,5568.12,21
2712,Marketing,10025.42,52
2713,Engenharia,8361.7,53
2714,Marketing,13373.46,35
2715,Engenharia,6552.92,53
2716,RH,13433.76,65
2717,TI,4048.93,37
2718,Vendas,12780.02,27
2719,TI,5325.73,56
2720,TI,6443.68,64
2721,RH,3362.1,32
2722,Diretoria,3882.19,34
2723,TI,12820.19,31
2724,Engenharia,8072.02,41
2725,Vendas,10876.13,29
2726,Engenharia,7352.22,64
2727,Marketing,3789.76,57
2728,TI,6788.6,59
2729,RH,10880.99,25
2730,Diretoria,12101.86,54
2731,Vendas,12870.64,56
2732,Vendas,11495.57,59
2733,Diretoria,6001.13,51
2734,Marketing,10347.23,64
2735,Diretoria,5767.72,32
2736,TI,4354.05,31
2737,Engenharia,10081.98,30
2738,Vendas,7535.24,57
2739,TI,5802.6,36
2740,Vendas,12708.48,21
2741,Diretoria,14837.26,40
2742,Engenharia,4420.28,46
2743,RH,12943.24,37
2744,RH,9705.81,48
2745,Vendas,10498.52,24
2746,RH,9422.87,31
2747,TI,5914.94,43
2748,Vendas,5915.42,59
2749,RH,9230.03,27
2750,Marketing,12344.94,25
2751,TI,11584.99,63
2752,Vendas,13965.36,48
2753,TI,7600.56,26
2754,Engenharia,8489.99,51
2755,TI,11178.96,51
2756,Engenharia,9224.47,28
2757,Diretoria,7371.26,27
2758,TI,12115.45,22
2759,Engenharia,14294.89,53
2760,Diretoria,14405.88,28
2761,RH,7252.02,26
2762,Engenharia,4654.91,65
2763,RH,13163.34,38
2764,RH,4642.99,24
2765,Diretoria,7131.9,50
2766,Diretoria,11248.14,50
2767,Vendas,9221.5,62
2768,Diretoria,4756.36,44
2769,Vendas,9671.01,57
2770,Diretoria,8940.92,49
2771,Engenharia,9873.29,29
2772,Vendas,13242.87,40
2773,Diretoria,8895.75,62
2774,Engenharia,5598.26,62
2775,Diretoria,7860.57,45
2776,Marketing,3831.21,30
2777,Engenharia,9834.34,62
2778,Diretoria,12805.46,58
2779,Vendas,6921.33,33
2780,Diretoria,7523.84,24
2781,RH,7862.96,48
2782,Engenharia,5036.5,23
2783,Marketing,3978.52,28
2784,RH,14738.08,56
2785,TI,3230.62,38
2786,Marketing,12702.84,42
2787,Diretoria,4815.56,35
2788,TI,10739.15,22
2789,Diretoria,10895.75,27
2790,RH,12932.71,46
2791,RH,12773.06,22
2792,TI,9395.81,64
2793,Engenharia,10386.19,49
2794,TI,4114.75,26
2795,Engenharia,4370.46,63
2796,TI,13139.59,39
2797,Vendas,13744.92,30
2798,Vendas,5416.63,51
2799,Engenharia,6701.18,56
2800,Marketing,6981.03,26
2801,Diretoria,10422.33,61
2802,RH,10675.01,35
2803,Diretoria,12825.86,53
2804,Marketing,13677.72,41
2805,TI,6170.81,23
2806,RH,9889.17,58
2807,Vendas,10131.08,64
2808,Engenharia,4691.92,59
2809,Engenharia,5685.82,52
2810,Diretoria,6844.22,42
2811,RH,13524.76,64
2812,Engenharia,10652.25,60
2813,TI,12846.48,30
2814,Engenharia,4078.35,38
2815,TI,14180.47,34
2816,Marketing,12871.15,59
2817,Diretoria,4501.89,31
2818,Engenharia,9988.3,20
2819,RH,6172.36,28
2820,Marketing,8810.12,33
2821,TI,4845.32,59
2822,TI,12828.3,41
2823,TI,9768.53,62
2824,RH,5042.03,20
2825,TI,14919.77,22
2826,Vendas,9909.31,38
2827,Diretoria,6037.73,63
2828,Engenharia,5344.01,21
2829,Vendas,4912.53,53
2830,Engenharia,6813.67,46
2831,RH,8921.27,37
2832,Diretoria,4991.45,24
2833,Vendas,12922.04,49
2834,Diretoria,9472.6,42
2835,Marketing,7195.91,60
2836,Marketing,7448.23,40
2837,Marketing,5906.3,23
2838,RH,8999.99,54
2839,Vendas,11148.1,21
2840,Engenharia,6420.17,50
2841,Marketing,11537.3,28
2842,RH,8193.38,63
2843,Engenharia,4034.38,61
2844,Diretoria,9335.7,48
2845,Engenharia,12977.57,65
2846,Engenharia,3194.84,33
2847,Engenharia,6312.89,45
2848,Engenharia,9359.89,46
2849,RH,12808.23,21
2850,Vendas,11007.03,23
2851,RH,10320.09,54
2852,Diretoria,3805.76,35
2853,Diretoria,11636.06,57
2854,Marketing,6885.3,26
2855,Engenharia,14721.52,36
2856,Diretoria,3363.61,45
2857,RH,4784.33,22
2858,Vendas,4099.98,32
2859,RH,8766.62,44
2860,Engenharia,3368.18,41
2861,Vendas,4906.25,55
2862,Diretoria,4706.72,50
2863,Vendas,7102.6,45
2864,Engenharia,5877.19,32
2865,TI,9405.47,64
2866,Marketing,3878.38,52
2867,Vendas,8869.44,24
2868,RH,6333.34,37
2869,Vendas,9988.84,24
2870,RH,12363.46,58
2871,Diretoria,11765.91,21
2872,Marketing,10064.77,54
2873,RH,9787.71,36
2874,Engenharia,14665.94,34
2875,Engenharia,4513.73,65
2876,Vendas,13465.12,53
2877,Vendas,12889.36,50
2878,Diretoria,14550.59,52
2879,Engenharia,8316.84,52
2880,TI,8173.52,25
2881,Vendas,7305.77,58
2882,Engenharia,3717.98,48
2883,Vendas,7439.66,52
2884,RH,10617.76,52
2885,Diretoria,4418.13,23
2886,Vendas,8628.49,22
2887,Vendas,5605.13,60
2888,RH,9527.65,22
2889,Marketing,4772.93,60
2890,TI,7667.02,36
2891,RH,12482.91,44
2892,Marketing,11929.33,27
2893,Diretoria,12898.45,48
2894,Vendas,9557.31,28
2895,Vendas,13347.08,23
2896,Marketing,11641.92,60
2897,TI,13425.15,49
2898,Engenharia,14753.33,23
2899,Marketing,14868.67,37
2900,RH,8257.1,29
2901,Marketing,8563.41,26
2902,TI,14318.97,44
2903,Engenharia,14746.05,25
2904,Diretoria,7065.85,61
2905,Engenharia,8180.8,29
2906,Diretoria,10660.21,24
2907,Engenharia,10313.93,50
2908,Marketing,5319.03,57
2909,Marketing,4633.71,59
2910,TI,12853.0,46
2911,Diretoria,11335.16,59
2912,Marketing,9842.65,53
2913,Engenharia,12438.14,55
2914,Diretoria,5020.32,33
2915,RH,4370.36,61
2916,RH,9660.48,32
2917,TI,11377.44,35
2918,Vendas,4070.44,29
2919,RH,8126.23,65
2920,TI,6334.88,26
2921,Marketing,13928.55,37
2922,Diretoria,10185.1,28
2923,TI,11463.82,36
2924,Marketing,10723.62,34
2925,TI,11751.5,46
2926,Vendas,14284.8,37
2927,Marketing,7525.4,49
2928,Engenharia,10437.88,50
2929,Marketing,14424.25,61
2930,TI,13240.61,30
2931,Diretoria,3263.55,40
2932,Vendas,3482.69,45
2933,Engenharia,5581.5,52
2934,Vendas,12874.2,55
2935,TI,14229.88,48
2936,Vendas,5297.31,56
2937,Marketing,8970.6,55
2938,Vendas,9743.62,36
2939,RH,12955.98,49
2940,Marketing,8679.51,40
2941,Vendas,8705.77,30
2942,Vendas,13589.01,60
2943,TI,13676.64,32
2944,Vendas,12373.56,49
2945,TI,6696.64,33
2946,Diretoria,5486.32,26
2947,Vendas,8036.21,24
2948,Marketing,10946.35,20
2949,TI,8547.78,57
2950,Engenharia,5256.25,65
2951,RH,11344.87,39
2952,Vendas,3282.1,35
2953,Engenharia,6749.42,49
2954,TI,9800.11,29
2955,Marketing,5644.89,62
2956,RH,3707.82,22
2957,Vendas,5770.42,63
2958,Marketing,3490.56,59
2959,Engenharia,14096.96,23
2960,Marketing,7728.41,49
2961,Engenharia,14898.53,23
2962,Vendas,8725.92,49
2963,Diretoria,9621.26,26
2964,Diretoria,12471.87,23
2965,Engenharia,4147.44,40
2966,RH,12655.07,23
2967,TI,4530.13,34
2968,Diretoria,6580.91,44
2969,Diretoria,8099.66,57
2970,TI,3470.24,55
2971,Diretoria,5701.11,51
2972,Diretoria,6460.58,39
2973,Diretoria,9302.72,46
2974,TI,4056.8,22
2975,Vendas,14325.28,43
2976,TI,14758.03,56
2977,Diretoria,6442.43,49
2978,Diretoria,3967.89,33
2979,Diretoria,12309.3,43
2980,Vendas,14140.44,54
2981,Marketing,9327.96,46
2982,Diretoria,9203.7,26
2983,Diretoria,12431.56,33
2984,Diretoria,6748.41,40
2985,Vendas,13375.27,65
2986,TI,5411.8,61
2987,Diretoria,7950.02,60
2988,Diretoria,5698.91,41
2989,RH,12565.75,35
2990,Diretoria,11547.25,39
2991,Engenharia,9018.58,28
2992,TI,9495.39,33
2993,Vendas,4468.22,52
2994,Marketing,6388.59,27
2995,Engenharia,9656.08,65
2996,Diretoria,6214.55,59
2997,RH,4558.33,33
2998,Marketing,12609.5,58
2999,Marketing,11155.92,29
3000,Vendas,14822.75,34
3001,RH,8983.01,38
3002,RH,6030.56,61
3003,TI,7834.81,25
3004,RH,7413.75,27
3005,Diretoria,9544.86,29
3006,Marketing,14308.15,23
3007,Marketing,13191.28,42
3008,TI,13921.54,31
3009,Engenharia,12416.95,48
3010,Diretoria,13193.08,60
3011,TI,7163.88,43
3012,Marketing,12414.85,22
3013,Marketing,4434.42,40
3014,Diretoria,11619.21,53
3015,RH,9722.34,24
3016,RH,12828.0,43
3017,Vendas,12286.18,20
3018,RH,12237.87,52
3019,Engenharia,11841.86,52
3020,TI,7168.58,24
3021,TI,7069.6,53
3022,Engenharia,13183.06,29
3023,TI,3526.91,57
3024,Marketing,5888.36,58
3025,Diretoria,5108.14,57
3026,Vendas,8649.8,45
3027,Marketing,6446.07,54
3028,TI,3229.19,41
3029,RH,13239.89,32
3030,RH,12866.28,49
3031,Diretoria,7958.09,60
3032,Vendas,8968.6,22
3033,Marketing,6363.86,23
3034,Vendas,10893.78,38
3035,Marketing,10365.44,46
3036,Vendas,4814.64,37
3037,RH,9355.65,38
3038,Engenharia,10797.54,46
3039,RH,3308.86,35
3040,TI,4196.55,39
3041,Engenharia,10385.94,27
3042,Engenharia,7699.33,62
3043,RH,12605.35,42
3044,TI,3171.46,57
3045,Diretoria,4444.76,25
3046,Marketing,5798.95,54
3047,RH,9378.53,45
3048,Diretoria,4964.44,63
3049,RH,12175.63,47
3050,Diretoria,4775.4,49
3051,TI,5734.37,24
3052,TI,5297.44,62
3053,TI,4951.55,53
3054,Engenharia,9836.46,24
3055,Engenharia,9157.49,44
3056,RH,12423.37,48
3057,Engenharia,11204.47,59
3058,Diretoria,4019.23,32
3059,Marketing,3115.05,34
3060,Vendas,11728.31,65
3061,Marketing,6653.33,29
3062,TI,12868.7,49
3063,Engenharia,12529.09,50
3064,TI,8958.9,52
3065,RH,4770.64,39
3066,TI,13775.02,47
3067,Diretoria,3781.62,24
3068,RH,13359.7,25
3069,Engenharia,7640.65,41
3070,Engenharia,5021.26,38
3071,Diretoria,7455.25,52
3072,RH,5328.39,50
3073,Diretoria,5768.71,37
3074,RH,6201.77,43
3075,Vendas,9847.03,34
3076,Diretoria,5891.27,23
3077,Vendas,11676.48,53
3078,TI,8074.02,52
3079,Diretoria,9792.86,55
3080,Vendas,6957.66,31
3081,Marketing,7157.88,57
3082,Vendas,3942.32,46
3083,Vendas,5956.28,37
3084,RH,5991.14,26
3085,Marketing,13823.06,53
3086,RH,11103.17,49
3087,Marketing,14941.45,27
3088,TI,10381.38,27
3089,TI,11401.51,57
3090,Engenharia,5705.85,49
3091,Engenharia,5080.56,39
3092,TI,14084.41,33
3093,Marketing,14325.98,32
3094,Diretoria,4228.25,38
3095,Marketing,11512.42,57
3096,Marketing,5746.91,43
3097,Vendas,8983.77,65
3098,Vendas,10113.74,49
3099,RH,13097.03,36
3100,RH,7288.17,24
3101,Diretoria,9642.05,58
3102,Marketing,13197.39,52
3103,Engenharia,12451.38,24
3104,Vendas,8833.99,58
3105,TI,8578.91,31
3106,Vendas,10755.39,35
3107,Vendas,5478.99,46
3108,Marketing,11971.11,47
3109,Diretoria,3386.25,45
3110,RH,6346.31,61
3111,Marketing,12764.53,36
3112,RH,14413.87,59
3113,RH,7633.02,34
3114,Vendas,3948.4,28
3115,RH,6866.29,27
3116,TI,9452.18,20
3117,Vendas,6391.38,29
3118,Marketing,8250.29,53
3119,Vendas,7489.93,58
3120,TI,14407.3,28
3121,Marketing,13093.57,49
3122,Vendas,12948.43,38
3123,Engenharia,10244.45,37
3124,Diretoria,8680.03,30
3125,Engenharia,7208.95,43
3126,Marketing,10946.25,50
3127,RH,13133.32,43
3128,Marketing,13356.73,63
3129,Marketing,12319.52,46
3130,TI,9468.85,28
3131,Marketing,14541.98,36
3132,Diretoria,5911.92,20
3133,Engenharia,7223.09,21
3134,RH,10588.82,52
3135,Vendas,14891.92,29
3136,Diretoria,11410.05,46
3137,Engenharia,9949.44,23
3138,TI,4751.23,35
3139,Marketing,8358.72,59
3140,Vendas,8947.77,60
3141,Marketing,11603.94,61
3142,RH,14426.97,31
3143,RH,10302.98,51
3144,Engenharia,9014.61,49
3145,Marketing,12004.98,59
3146,Diretoria,10481.68,31
3147,TI,5949.71,20
3148,Engenharia,3346.67,53
3149,Engenharia,10620.28,45
3150,Engenharia,4134.18,23
3151,Diretoria,4456.17,59
3152,Engenharia,14166.33,53
3153,Diretoria,4411.12,41
3154,TI,3266.62,21
3155,RH,9772.96,57
3156,TI,3981.57,50
3157,Marketing,12222.23,65
3158,Vendas,11313.52,33
3159,Diretoria,14679.82,49
3160,Engenharia,7446.86,32
3161,Vendas,4211.16,65
3162,TI,4735.99,29
3163,TI,8900.58,30
3164,Engenharia,4709.96,49
3165,TI,10558.65,63
3166,RH,7915.14,50
3167,Marketing,13408.48,52
3168,Marketing,4576.29,54
3169,Engenharia,7941.45,24
3170,RH,13494.42,25
3171,Engenharia,4519.27,64
3172,Engenharia,7165.28,42
3173,RH,3152.58,54
3174,Engenharia,8209.4,29
3175,Engenharia,7302.92,64
3176,RH,4519.11,40
3177,Engenharia,10985.88,50
3178,Vendas,11513.71,39
3179,Vendas,5863.96,30
3180,Vendas,11656.32,53
3181,TI,3762.23,28
3182,RH,6498.07,63
3183,TI,8741.13,60
3184,Diretoria,12733.49,48
3185,Diretoria,7502.88,54
3186,Diretoria,13606.49,50
3187,Engenharia,3204.87,60
3188,Vendas,4742.78,56
3189,RH,11226.03,45
3190,Marketing,8571.04,63
3191,TI,10457.37,48
3192,TI,14806.47,37
3193,Diretoria,12239.45,52
3194,Marketing,4911.39,47
3195,Marketing,13026.15,47
3196,Marketing,3331.94,64
3197,Marketing,6131.1,20
3198,Diretoria,14410.25,57
3199,Marketing,4052.44,45
3200,RH,7460.75,26
3201,Engenharia,6372.48,51
3202,Engenharia,13664.21,33
3203,Diretoria,7233.75,47
3204,Vendas,5717.48,46
3205,Engenharia,6292.8,51
3206,Engenharia,4395.02,39
3207,Diretoria,11722.59,32
3208,Engenharia,8050.95,33
3209,TI,4758.86,37
3210,TI,14304.72,58
3211,Vendas,13524.32,35
3212,Diretoria,8162.73,54
3213,Marketing,11770.93,32
3214,Vendas,12941.91,30
3215,RH,10268.32,52
3216,Diretoria,4087.96,50
3217,Engenharia,4478.14,34
3218,Marketing,14550.84,36
3219,Engenharia,11182.75,24
3220,Engenharia,5581.2,42
3221,Marketing,12334.32,42
3222,RH,5044.35,30
3223,Marketing,10589.15,27
3224,Diretoria,8712.15,22
3225,Engenharia,6565.49,63
3226,Diretoria,10992.21,40
3227,Diretoria,8516.84,51
3228,Diretoria,10995.95,58
3229,RH,6060.67,61
3230,Vendas,13624.85,38
3231,Vendas,13310.56,42
3232,Engenharia,8517.66,22
3233,RH,13978.62,47
3234,Engenharia,6648.92,53
3235,TI,3370.12,30
3236,TI,6629.7,39
3237,Diretoria,4011.52,43
3238,Vendas,13186.76,40
3239,Vendas,4342.64,33
3240,TI,4609.87,25
3241,Marketing,7986.23,45
3242,Marketing,9607.4,33
3243,Marketing,5172.39,57
3244,TI,7780.2,29
3245,Diretoria,3886.0,50
3246,TI,5068.9,33
3247,RH,12102.9,46
3248,RH,8832.49,49
3249,Marketing,9588.23,24
3250,Engenharia,14055.27,37
3251,Vendas,10451.04,62
3252,TI,5174.28,28
3253,Vendas,9751.99,30
3254,TI,7396.59,58
3255,Marketing,9655.72,64
3256,Engenharia,8602.73,31
3257,Vendas,13580.69,48
3258,Diretoria,13245.67,39
3259,RH,6626.62,58
3260,Vendas,10079.13,52
3261,TI,4844.16,21
3262,Engenharia,8733.55,48
3263,Diretoria,8267.0,34
3264,TI,9159.74,55
3265,TI,6591.52,39
3266,Engenharia,3806.86,41
3267,TI,11107.81,59
3268,Vendas,9803.71,63
3269,Vendas,14541.01,35
3270,Engenharia,4559.19,62
3271,TI,5370.32,58
3272,Vendas,5933.49,32
3273,TI,5424.46,47
3274,TI,3599.21,64
3275,RH,13584.05,49
3276,Engenharia,5351.86,39
3277,TI,13399.39,62
3278,Vendas,14666.57,57
3279,Diretoria,5429.94,25
3280,Engenharia,7401.83,61
3281,TI,8682.18,51
3282,Engenharia,13715.48,23
3283,Marketing,3480.21,21
3284,RH,12791.93,49
3285,TI,14158.98,48
3286,Vendas,10587.71,53
3287,TI,10774.39,28
3288,TI,12102.6,57
3289,Diretoria,10310.64,20
3290,TI,6603.77,65
3291,TI,14579.92,39
3292,TI,13929.33,32
3293,TI,10646.65,29
3294,TI,8638.61,40
3295,Diretoria,8967.81,43
3296,TI,8845.04,22
3297,Diretoria,10687.21,21
3298,TI,3565.79,30
3299,TI,6262.01,41
3300,Diretoria,8711.94,36
3301,RH,10042.78,29
3302,TI,3019.38,58
3303,RH,10390.41,56
3304,Marketing,10218.59,28
3305,TI,9626.5,46
3306,Marketing,8431.5,52
3307,Diretoria,10003.34,26
3308,Marketing,13895.31,40
3309,Diretoria,8383.48,32
3310,Marketing,8344.03,29
3311,Vendas,3077.42,34
3312,TI,14155.4,51
3313,Marketing,5710.21,34
3314,Marketing,8431.8,43
3315,Diretoria,14885.95,21
3316,Marketing,14426.39,25
3317,TI,11150.53,25
3318,TI,8193.4,45
3319,RH,7597.2,56
3320,Diretoria,4555.46,48
3321,Diretoria,11197.1,65
3322,Marketing,7174.42,62
3323,Marketing,10398.76,26
3324,Marketing,7126.4,32
3325,Engenharia,13379.69,59
3326,Marketing,3619.18,30
3327,Engenharia,5474.26,43
3328,Diretoria,13288.45,55
3329,Engenharia,4560.99,28
3330,Marketing,5439.89,36
3331,Vendas,13148.73,63
3332,Engenharia,8441.23,52
3333,Engenharia,6892.75,55
3334,Vendas,8312.13,51
3335,TI,5689.91,49
3336,Engenharia,5173.31,65
3337,Marketing,14513.1,65
3338,Marketing,12456.03,31
3339,RH,14149.93,25
3340,Diretoria,9114.64,50
3341,RH,12394.72,45
3342,Engenharia,7686.32,36
3343,Vendas,3323.66,49
3344,TI,12814.59,44
3345,Engenharia,5064.61,61
3346,RH,14424.04,31
3347,Vendas,4019.51,53
3348,Engenharia,4809.61,46
3349,Diretoria,7727.09,25
3350,Marketing,10685.71,22
3351,Engenharia,13185.16,45
3352,RH,14919.83,37
3353,Diretoria,14870.73,63
3354,Marketing,11099.53,38
3355,Diretoria,13138.83,26
3356,RH,13369.06,27
3357,Diretoria,12382.87,28
3358,Engenharia,11703.64,30
3359,Diretoria,12155.49,34
3360,TI,11468.87,30
3361,Marketing,5296.2,21
3362,Vendas,13398.66,30
3363,TI,6759.54,24
3364,Marketing,8876.68,34
3365,Marketing,11303.8,26
3366,Engenharia,5180.27,26
3367,RH,14025.38,40
3368,TI,14248.99,34
3369,Diretoria,13649.98,65
3370,Marketing,7444.51,56
3371,Marketing,3333.12,24
3372,RH,13154.23,35
3373,Diretoria,7425.83,50
3374,Marketing,4029.49,32
3375,Engenharia,3927.86,25
3376,RH,3625.5,59
3377,TI,12153.72,49
3378,TI,13610.28,32
3379,Engenharia,13704.27,39
3380,RH,5489.48,27
3381,Engenharia,12861.55,51
3382,TI,14712.38,64
3383,Engenharia,6134.6,28
3384,TI,7829.65,61
3385,Engenharia,14637.66,24
3386,RH,3162.17,65
3387,Marketing,14621.36,46
3388,Marketing,7273.58,26
3389,Engenharia,11400.98,34
3390,Engenharia,3372.64,39
3391,Diretoria,10522.59,48
3392,Engenharia,4957.27,28
3393,Engenharia,6754.37,42
3394,TI,5568.5,20
3395,Diretoria,11433.97,47
3396,TI,4932.86,28
3397,Diretoria,11691.31,48
3398,TI,3059.82,52
3399,RH,3792.61,26
3400,Diretoria,9515.18,20
3401,Diretoria,4377.64,51
3402,Vendas,13243.24,23
3403,Marketing,7167.73,53
3404,RH,4060.88,52
3405,Engenharia,5050.15,63
3406,Marketing,14803.62,48
3407,TI,10950.25,56
3408,Diretoria,3528.42,46
3409,Diretoria,5606.28,65
3410,Marketing,9147.95,39
3411,Marketing,11959.74,58
3412,Marketing,5586.09,54
3413,Vendas,6315.57,36
3414,Engenharia,5765.75,41
3415,Engenharia,7225.33,47
3416,Diretoria,10872.24,63
3417,Vendas,7941.09,39
3418,Marketing,11641.71,54
3419,Diretoria,6442.16,55
3420,TI,7402.93,57
3421,Marketing,7604.16,26
3422,Diretoria,4898.59,37
3423,Vendas,7524.1,29
3424,Marketing,8265.96,24
3425,TI,13168.84,46
3426,RH,3578.79,43
3427,Vendas,10022.48,39
3428,Vendas,12169.09,39
3429,Marketing,10074.39,28
3430,RH,9585.4,38
3431,TI,6616.49,47
3432,Engenharia,4588.91,30
3433,Diretoria,13021.64,53
3434,Vendas,8805.05,55
3435,Vendas,4605.48,44
3436,Vendas,5958.95,63
3437,Vendas,4683.89,33
3438,Diretoria,11135.3,52
3439,TI,10529.19,36
3440,RH,10141.7,37
3441,Marketing,6292.86,45
3442,Marketing,8499.76,27
3443,Engenharia,5779.65,60
3444,TI,12155.72,21
3445,Diretoria,14410.32,31
3446,Vendas,12038.59,28
3447,Engenharia,12619.62,27
3448,Vendas,4374.32,31
3449,RH,13793.35,30
3450,Marketing,12409.37,37
3451,Engenharia,4550.36,39
3452,Vendas,3352.14,48
3453,Engenharia,6290.05,23
3454,TI,3220.16,31
3455,Diretoria,13539.35,24
3456,Vendas,11486.23,63
3457,TI,11123.09,50
3458,Marketing,9501.88,61
3459,Marketing,12942.74,44
3460,Marketing,8173.42,39
3461,Diretoria,9502.05,52
3462,Diretoria,9434.63,50
3463,RH,9841.42,53
3464,Marketing,11834.83,22
3465,Marketing,8848.31,20
3466,Marketing,7725.58,54
3467,Marketing,5453.78,42
3468,Marketing,8788.0,35
3469,RH,7322.13,36
3470,Engenharia,5289.97,37
3471,Vendas,12507.96,50
3472,Diretoria,5098.26,44
3473,TI,5822.4,27
3474,RH,4048.51,45
3475,TI,8723.39,35
3476,Marketing,8629.17,54
3477,RH,14728.32,47
3478,TI,10113.85,21
3479,Vendas,10036.06,55
3480,Engenharia,5097.14,60
3481,Marketing,8170.22,51
3482,TI,12130.93,32
3483,TI,13199.74,26
3484,TI,7309.42,39
3485,Engenharia,14916.02,44
3486,Engenharia,9096.38,29
3487,Marketing,12945.79,55
3488,Engenharia,13973.08,40
3489,Marketing,7969.37,36
3490,Marketing,3814.07,60
3491,Engenharia,9299.13,53
3492,TI,8328.33,61
3493,RH,3175.7,32
3494,Marketing,4107.88,62
3495,Engenharia,7538.44,36
3496,Marketing,10349.03,32
3497,TI,7050.0,61
3498,Diretoria,14733.49,50
3499,Marketing,7010.14,37
3500,Diretoria,6316.08,20
3501,Diretoria,9748.45,58
3502,RH,4487.55,25
3503,TI,4583.76,37
3504,TI,7965.99,48
3505,Vendas,8674.58,63
3506,RH,6936.28,38
3507,Vendas,3593.22,58
3508,RH,7833.39,27
3509,Diretoria,5414.03,35
3510,Marketing,8258.42,52
3511,Engenharia,9748.9,38
3512,Vendas,9551.42,36
3513,TI,13846.59,45
3514,Marketing,12523.62,48
3515,Engenharia,14660.57,29
3516,RH,8148.56,54
3517,Diretoria,9213.12,55
3518,Diretoria,11072.32,34
3519,Marketing,9141.53,63
3520,Engenharia,4308.37,64
3521,RH,9116.7,56
3522,Marketing,6080.91,52
3523,RH,11802.1,42
3524,Marketing,5628.42,28
3525,Engenharia,3660.37,44
3526,Engenharia,7975.79,54
3527,Diretoria,4539.44,42
3528,Diretoria,13159.31,51
3529,RH,3449.36,54
3530,Vendas,7369.29,64
3531,RH,6816.92,25
3532,Engenharia,13600.27,65
3533,TI,6467.07,33
3534,Engenharia,9145.37,38
3535,Vendas,7023.41,61
3536,Engenharia,7766.95,33
3537,Marketing,7166.31,26
3538,Marketing,14945.37,22
3539,Marketing,6237.31,31
3540,Vendas,4670.14,52
3541,RH,3599.58,54
3542,RH,4445.51,46
3543,Vendas,14752.96,20
3544,RH,11638.15,23
3545,Vendas,7052.84,43
3546,Marketing,8430.04,50
3547,TI,10505.06,52
3548,Vendas,6670.12,38
3549,Vendas,7714.48,52
3550,TI,9161.21,59
3551,RH,5612.05,61
3552,RH,4679.82,38
3553,Engenharia,11448.72,37
3554,Marketing,13455.8,59
3555,Diretoria,11928.58,50
3556,Engenharia,5832.8,41
3557,Engenharia,11374.69,52
3558,Marketing,8333.67,37
3559,TI,5613.08,45
3560,Marketing,14321.07,34
3561,TI,6632.87,29
3562,Vendas,4899.66,23
3563,RH,8661.6,38
3564,Engenharia,14875.07,65
3565,RH,14411.41,20
3566,TI,12364.86,44
3567,TI,12768.75,54
3568,Diretoria,13389.52,28
3569,Marketing,10329.12,42
3570,Engenharia,8151.13,58
3571,RH,8380.91,63
3572,Vendas,14709.01,63
3573,Engenharia,6926.4,20
3574,Diretoria,5211.61,29
3575,Marketing,8931.34,56
3576,TI,12992.37,56
3577,Diretoria,5576.27,30
3578,Vendas,6388.8,54
3579,Marketing,12245.6,30
3580,Diretoria,14617.5,65
3581,Marketing,3272.83,21
3582,RH,4368.75,37
3583,Marketing,12108.88,36
3584,Vendas,5917.75,63
3585,TI,4882.79,31
3586,RH,8557.66,44
3587,Diretoria,6320.57,45
3588,Diretoria,7354.46,32
3589,RH,8375.32,48
3590,Engenharia,4394.71,27
3591,Vendas,9233.88,25
3592,RH,8176.57,22
3593,TI,12016.76,55
3594,Engenharia,11374.28,47
3595,Marketing,9689.1,62
3596,Vendas,9687.03,53
3597,Engenharia,13964.15,27
3598,Engenharia,10258.16,48
3599,RH,14592.86,46
3600,Vendas,4439.79,27
3601,Engenharia,7157.57,22
3602,Engenharia,12702.51,32
3603,Diretoria,13972.92,37
3604,Marketing,7600.35,27
3605,RH,8724.2,42
3606,Vendas,11929.44,22
3607,TI,10356.05,29
3608,TI,3287.77,53
3609,Diretoria,11522.39,29
3610,TI,14341.58,37
3611,TI,13467.58,52
3612,Engenharia,12087.89,58
3613,Vendas,7683.44,45
3614,Vendas,3355.26,55
3615,Diretoria,6476.0,42
3616,Vendas,13040.41,23
3617,Marketing,4728.86,45
3618,Engenharia,12920.96,45
3619,Diretoria,5782.11,65
3620,RH,6208.61,28
3621,Engenharia,14645.51,20
3622,Vendas,11807.89,43
3623,RH,3410.86,35
3624,Vendas,3009.56,41
3625,RH,11429.7,32
3626,TI,13502.74,32
3627,Diretoria,11447.87,22
3628,RH,10017.89,59
3629,TI,10080.69,38
3630,Vendas,13246.82,62
3631,Vendas,12954.67,26
3632,TI,13244.93,47
3633,RH,6463.44,47
3634,Engenharia,3486.46,50
3635,Diretoria,12507.3,25
3636,Diretoria,14762.93,49
3637,RH,14778.6,36
3638,Vendas,12075.68,20
3639,TI,5781.32,39
3640,TI,7762.96,48
3641,Vendas,6009.22,27
3642,Diretoria,5909.86,25
3643,Engenharia,10123.74,49
3644,RH,13150.97,49
3645,TI,8068.09,43
3646,RH,3128.95,25
3647,RH,13299.03,61
3648,RH,5166.92,32
3649,Marketing,12607.5,26
3650,RH,8334.54,54
3651,Engenharia,11659.44,41
3652,TI,13744.49,40
3653,Vendas,5427.07,60
3654,Marketing,13128.95,64
3655,Engenharia,3753.24,35
3656,Diretoria,7691.89,55
3657,Engenharia,4709.55,29
3658,TI,7628.66,33
3659,Marketing,4780.38,41
3660,Diretoria,10175.98,29
3661,TI,4830.58,62
3662,RH,10700.62,64
3663,Diretoria,14091.04,24
3664,Marketing,6959.93,34
3665,RH,12541.89,29
3666,Diretoria,11120.22,42
3667,RH,6568.68,42
3668,Vendas,12928.19,55
3669,TI,14538.1,41
3670,Diretoria,13904.26,55
3671,Marketing,14694.01,46
3672,Engenharia,11174.18,47
3673,Marketing,13077.33,36
3674,Diretoria,14960.32,61
3675,Marketing,8089.0,33
3676,TI,3726.82,28
3677,TI,3212.21,43
3678,Vendas,12435.74,24
3679,Diretoria,13152.47,65
3680,TI,10618.81,51
3681,Diretoria,11978.32,49
3682,RH,5536.19,33
3683,TI,3021.82,46
3684,Diretoria,9105.94,31
3685,Diretoria,7177.63,22
3686,Diretoria,7907.82,46
3687,Marketing,11668.73,53
3688,RH,7028.13,54
3689,Diretoria,7489.5,65
3690,Marketing,9518.6,29
3691,TI,11644.85,34
3692,Engenharia,6804.78,26
3693,Engenharia,9239.15,57
3694,Diretoria,7976.54,47
3695,Engenharia,4474.25,39
3696,Engenharia,7316.23,43
3697,Diretoria,6044.19,63
3698,Marketing,6757.14,46
3699,Diretoria,13522.55,20
3700,Marketing,9974.55,39
3701,Engenharia,7265.15,46
3702,Marketing,14254.83,26
3703,Vendas,14196.44,29
3704,RH,11652.21,23
3705,Vendas,10711.55,36
3706,Vendas,13621.24,63
3707,Marketing,6561.32,37
3708,Diretoria,5752.47,56
3709,RH,8816.23,43
3710,Marketing,4907.88,48
3711,TI,3117.43,62
3712,Vendas,4031.91,50
3713,Marketing,9760.3,32
3714,Vendas,10439.72,43
3715,RH,11971.13,25
3716,Diretoria,8907.65,62
3717,TI,13962.93,45
3718,Engenharia,7943.63,53
3719,Vendas,6176.28,60
3720,Vendas,13660.5,43
3721,Vendas,5924.7,35
3722,Diretoria,12927.94,64
3723,Engenharia,5746.55,33
3724,Diretoria,5413.49,55
3725,Engenharia,11006.51,38
3726,RH,5132.12,54
3727,RH,12318.86,36
3728,TI,11139.81,64
3729,Marketing,6878.47,63
3730,Marketing,5988.27,31
3731,Diretoria,11157.57,31
3732,Diretoria,3635.4,30
3733,Diretoria,7124.2,23
3734,Diretoria,9431.37,27
3735,Diretoria,13250.01,62
3736,TI,6428.22,39
3737,Vendas,3667.66,51
3738,Marketing,6224.03,29
3739,Diretoria,7438.32,57
3740,Marketing,3761.43,31
3741,Marketing,6697.31,50
3742,TI,13651.09,40
3743,TI,13921.72,63
3744,Vendas,6155.36,51
3745,Vendas,14568.26,33
3746,Diretoria,9202.11,58
3747,Diretoria,13809.68,44
3748,RH,10091.31,50
3749,Diretoria,13203.79,55
3750,TI,7245.67,43
3751,Engenharia,4051.11,46
3752,RH,10139.25,24
3753,RH,11619.92,46
3754,Vendas,3467.71,43
3755,Diretoria,14029.13,26
3756,Engenharia,14169.26,48
3757,TI,10675.55,34
3758,Vendas,13064.47,63
3759,Vendas,13149.45,51
3760,Marketing,4200.29,62
3761,Marketing,8818.62,51
3762,Diretoria,5496.3,29
3763,Diretoria,6799.91,36
3764,TI,9813.04,31
3765,Marketing,13735.06,28
3766,Diretoria,4187.7,49
3767,Vendas,14722.93,52
3768,Engenharia,6943.97,25
3769,Vendas,4950.28,47
3770,TI,9497.87,59
3771,Diretoria,7476.01,25
3772,Vendas,6775.24,24
3773,Diretoria,14477.82,38
3774,Marketing,6420.21,33
3775,TI,12671.55,33
3776,RH,5716.79,52
3777,Vendas,5309.05,25
3778,Diretoria,3175.41,57
3779,Engenharia,11159.51,48
3780,Marketing,11214.76,26
3781,Diretoria,6895.33,44
3782,Vendas,12713.01,53
3783,Marketing,8758.0,22
3784,TI,14741.58,42
3785,Engenharia,9268.36,39
3786,TI,10599.48,64
3787,Diretoria,7353.95,52
3788,Marketing,8990.63,48
3789,RH,6157.94,20
3790,Marketing,13725.47,33
3791,TI,13382.16,58
3792,Vendas,9605.56,20
3793,RH,5271.94,23
3794,Diretoria,14459.07,54
3795,Diretoria,7180.02,56
3796,Diretoria,4438.02,22
3797,RH,13256.32,38
3798,TI,12598.05,38
3799,Diretoria,12310.73,36
3800,TI,8582.52,36
3801,Engenharia,8106.88,64
3802,Engenharia,10541.74,62
3803,RH,11394.17,42
3804,RH,10182.7,47
3805,RH,11701.92,26
3806,Marketing,6748.07,35
3807,RH,9857.33,52
3808,Diretoria,3582.79,24
3809,Vendas,4102.34,58
3810,Diretoria,10276.59,29
3811,Vendas,10796.41,61
3812,Diretoria,14482.39,58
3813,Engenharia,3149.61,25
3814,TI,4407.01,26
3815,TI,12843.2,25
3816,Diretoria,5879.86,62
3817,RH,14743.23,33
3818,Vendas,7239.47,54
3819,RH,4895.55,51
3820,Marketing,5741.7,61
3821,RH,11315.6,29
3822,RH,9811.93,32
3823,RH,9391.6,56
3824,Marketing,13812.43,45
3825,Marketing,12158.21,43
3826,Vendas,3405.79,30
3827,Diretoria,3953.54,27
3828,Marketing,9320.69,49
3829,Vendas,13011.87,41
3830,Diretoria,13950.05,36
3831,RH,9185.49,24
3832,Vendas,7206.61,58
3833,Engenharia,14152.59,29
3834,Engenharia,9252.79,43
3835,Vendas,9107.03,38
3836,Vendas,5086.75,44
3837,Marketing,4217.18,59
3838,Diretoria,14398.51,60
3839,Engenharia,6369.43,65
3840,Engenharia,3371.82,46
3841,Vendas,7523.16,61
3842,Engenharia,9648.44,53
3843,TI,8451.19,24
3844,Engenharia,8961.45,46
3845,Vendas,7706.62,42
3846,Diretoria,4403.97,50
3847,RH,8567.38,40
3848,Diretoria,3316.4,38
3849,Vendas,12086.77,20
3850,Diretoria,4537.04,47
3851,TI,9522.98,39
3852,Engenharia,4424.25,21
3853,TI,9244.13,57
3854,Marketing,13486.13,46
3855,RH,8602.17,61
3856,RH,12913.74,60
3857,Marketing,10328.73,21
3858,TI,9046.38,24
3859,TI,13720.62,54
3860,TI,10593.02,23
3861,TI,9218.28,29
3862,Diretoria,3637.6,59
3863,Engenharia,3124.93,58
3864,Vendas,14334.62,22
3865,Diretoria,6609.78,24
3866,RH,6840.81,36
3867,RH,9336.05,60
3868,Diretoria,5592.12,64
3869,Marketing,13252.16,48
3870,RH,8335.91,56
3871,Vendas,13438.92,38
3872,Diretoria,3221.86,63
3873,Diretoria,5933.34,22
3874,Engenharia,10014.87,60
3875,Marketing,13146.42,65
3876,Marketing,3310.93,42
3877,Engenharia,14343.82,24
3878,RH,5638.15,24
3879,TI,14773.51,55
3880,Engenharia,10144.6,41
3881,Engenharia,8179.81,34
3882,Diretoria,8764.96,55
3883,Diretoria,4918.99,36
3884,Vendas,9872.63,47
3885,Diretoria,7104.71,39
3886,Vendas,6741.61,34
3887,Vendas,14621.03,21
3888,Engenharia,8244.36,42
3889,Engenharia,9909.45,58
3890,TI,8943.86,33
3891,Vendas,11980.46,30
3892,RH,12681.98,27
3893,Vendas,12234.66,23
3894,Diretoria,9621.28,36
3895,RH,6175.03,65
3896,Diretoria,4123.59,20
3897,TI,4665.81,43
3898,Diretoria,7925.26,55
3899,Marketing,8874.61,49
3900,Diretoria,12134.46,39
3901,TI,8429.58,22
3902,Marketing,5313.52,52
3903,Vendas,8689.35,25
3904,Engenharia,3418.65,28
3905,TI,6287.43,33
3906,RH,6120.49,63
3907,Diretoria,8720.86,65
3908,Vendas,5526.13,56
3909,Diretoria,9783.85,65
3910,Engenharia,9744.39,28
3911,TI,4637.25,44
3912,Vendas,4807.66,24
3913,RH,3777.35,35
3914,RH,13396.86,44
3915,Vendas,9005.52,35
3916,Diretoria,5047.44,38
3917,Marketing,10664.89,22
3918,Engenharia,13774.38,25
3919,Diretoria,14321.81,49
3920,TI,10964.39,23
3921,Marketing,14198.45,65
3922,TI,11841.76,38
3923,RH,8195.34,49
3924,Engenharia,10755.15,25
3925,TI,13726.33,20
3926,RH,13575.54,64
3927,Diretoria,6989.03,50
3928,Vendas,6431.5,59
3929,TI,5384.45,38
3930,Marketing,13386.69,51
3931,Marketing,5607.33,20
3932,TI,9166.92,26
3933,Diretoria,14326.75,57
3934,RH,6779.67,57
3935,Engenharia,12271.72,62
3936,Marketing,7722.7,45
3937,TI,5204.49,30
3938,Vendas,3079.03,51
3939,RH,4246.47,41
3940,Engenharia,11993.03,33
3941,Vendas,14731.57,49
3942,RH,11368.38,49
3943,Diretoria,9927.38,48
3944,TI,3135.66,65
3945,TI,6052.01,21
3946,RH,8870.56,22
3947,TI,8258.21,30
3948,Vendas,14269.72,44
3949,Diretoria,7479.47,34
3950,RH,3080.72,57
3951,Diretoria,11778.12,44
3952,Engenharia,4604.98,34
3953,RH,8153.84,33
3954,Engenharia,5911.48,49
3955,Engenharia,13114.65,36
3956,TI,6770.21,54
3957,Engenharia,8883.22,40
3958,Engenharia,4835.72,55
3959,Vendas,14517.43,49
3960,RH,12285.82,42
3961,Diretoria,6179.16,50
3962,Engenharia,6614.62,26
3963,TI,14435.36,59
3964,Vendas,3862.08,58
3965,Diretoria,4374.16,28
3966,Diretoria,11166.8,21
3967,Marketing,6109.38,33
3968,Diretoria,4557.64,63
3969,Marketing,14696.09,59
3970,Diretoria,11604.06,41
3971,Engenharia,7933.89,43
3972,Marketing,13264.22,59
3973,Engenharia,3600.89,60
3974,Diretoria,11092.79,33
3975,RH,3590.02,55
3976,Diretoria,11917.55,23
3977,Vendas,10481.2,30
3978,Engenharia,7243.74,62
3979,RH,7878.47,32
3980,Engenharia,9941.04,30
3981,Vendas,9578.81,50
3982,TI,4094.58,49
3983,Marketing,7199.63,37
3984,Vendas,5580.6,54
3985,Marketing,10875.45,54
3986,RH,7418.53,26
3987,Marketing,3365.6,52
3988,Vendas,6824.81,65
3989,RH,13332.99,53
3990,Marketing,14328.23,29
3991,Diretoria,9124.44,26
3992,TI,9664.37,39
3993,Vendas,10679.18,33
3994,Engenharia,3022.32,60
3995,RH,4670.6,61
3996,Diretoria,11493.09,58
3997,Vendas,5317.31,36
3998,Marketing,4557.02,31
3999,Marketing,8936.11,42
4000,Marketing,4534.11,24
4001,RH,6185.87,27
4002,Vendas,5105.09,24
4003,RH,11902.4,34
4004,Marketing,14036.46,41
4005,Marketing,11104.58,59
4006,Diretoria,4499.8,27
4007,Engenharia,5569.06,63
4008,RH,3272.53,34
4009,RH,8534.51,55
4010,Marketing,11576.11,21
4011,Marketing,13166.51,46
4012,TI,7117.85,27
4013,Diretoria,4888.52,20
4014,Engenharia,3275.96,61
4015,TI,9432.79,46
4016,RH,4624.8,60
4017,Engenharia,11552.66,24
4018,Diretoria,11674.16,49
4019,Vendas,12680.98,59
4020,Marketing,14263.7,21
4021,Engenharia,14873.72,48
4022,RH,6844.49,51
4023,Diretoria,6321.49,30
4024,Engenharia,12393.73,32
4025,RH,5135.73,60
4026,Marketing,13152.56,62
4027,Engenharia,10240.91,24
4028,TI,12696.02,60
4029,Vendas,6880.19,25
4030,Diretoria,14185.33,30
4031,Diretoria,4516.25,43
4032,Vendas,11829.98,65
4033,Diretoria,5181.32,56
4034,Diretoria,12749.26,26
4035,Engenharia,6258.41,45
4036,Diretoria,5835.94,48
4037,Vendas,11298.49,42
4038,Engenharia,3215.43,58
4039,TI,14533.58,29
4040,Engenharia,6463.61,36
4041,Diretoria,9307.05,47
4042,RH,6170.29,56
4043,Vendas,10735.46,63
4044,TI,13634.64,30
4045,Marketing,12375.29,32
4046,Engenharia,4579.21,58
4047,Marketing,11147.71,51
4048,Vendas,6572.23,29
4049,TI,9284.24,31
4050,RH,13669.85,53
4051,Vendas,6902.03,63
4052,RH,8899.09,54
4053,Diretoria,5118.58,53
4054,Marketing,5213.99,36
4055,RH,4252.6,43
4056,Marketing,6115.19,65
4057,Engenharia,14195.04,24
4058,Diretoria,6752.65,21
4059,Marketing,7909.86,39
4060,Engenharia,7094.28,42
4061,TI,13736.41,40
4062,Diretoria,8707.06,47
4063,Vendas,6529.19,44
4064,Diretoria,3268.69,42
4065,Diretoria,12150.01,27
4066,Diretoria,11355.08,25
4067,Marketing,5471.07,57
4068,Diretoria,4917.02,24
4069,Vendas,6930.37,59
4070,Engenharia,5211.91,48
4071,Marketing,7912.32,41
4072,Marketing,7826.35,65
4073,Vendas,13055.44,53
4074,Marketing,4221.17,37
4075,RH,5867.49,32
4076,Marketing,5656.36,38
4077,TI,11776.43,59
4078,TI,8625.84,54
4079,TI,10563.43,34
4080,RH,11642.15,38
4081,Diretoria,14416.08,54
4082,Diretoria,8365.17,59
4083,Vendas,7059.58,29
4084,RH,4689.28,41
4085,Diretoria,12900.8,43
4086,Marketing,9218.81,38
4087,Marketing,4014.26,28
4088,Engenharia,10462.77,32
4089,TI,3593.35,35
4090,Marketing,14117.59,21
4091,Marketing,14779.57,51
4092,Engenharia,7024.22,46
4093,RH,9421.71,21
4094,TI,12563.15,61
4095,Marketing,14922.82,50
4096,Vendas,8138.06,21
4097,Marketing,13383.04,58
4098,RH,7678.29,39
4099,Diretoria,10968.62,27
4100,RH,3185.44,55
4101,Vendas,11774.17,55
4102,Engenharia,3780.79,30
4103,Marketing,8923.8,32
4104,Vendas,12003.16,30
4105,Engenharia,10981.43,53
4106,Vendas,11475.1,37
4107,Vendas,10391.52,59
4108,Diretoria,14874.84,61
4109,RH,6460.86,61
4110,Diretoria,12822.37,31
4111,Diretoria,9371.32,62
4112,Vendas,6658.3,32
4113,Engenharia,5535.33,48
4114,Engenharia,14460.61,24
4115,Marketing,11672.4,33
4116,Engenharia,5860.78,55
4117,Diretoria,6638.26,20
4118,Engenharia,8718.7,55
4119,Vendas,11325.49,21
4120,TI,11662.85,37
4121,Vendas,7934.58,21
4122,Diretoria,3145.21,34
4123,TI,11616.13,59
4124,Vendas,10009.59,47
4125,Engenharia,4753.1,51
4126,Diretoria,11746.84,26
4127,Diretoria,10932.53,35
4128,Diretoria,6759.17,61
4129,RH,10197.9,26
4130,Diretoria,3870.4,55
4131,Marketing,7562.18,39
4132,Diretoria,8386.99,22
4133,RH,12240.7,54
4134,Vendas,6750.55,29
4135,TI,7548.54,60
4136,TI,6481.8,58
4137,TI,10946.18,62
4138,TI,13134.11,23
4139,Vendas,10648.95,47
4140,Engenharia,13671.49,60
4141,Engenharia,9505.27,41
4142,TI,14836.84,29
4143,Marketing,12610.63,54
4144,Marketing,10554.74,64
4145,Engenharia,5324.29,42
4146,Marketing,11683.46,30
4147,Diretoria,10443.74,38
4148,Engenharia,7189.03,47
4149,Vendas,3478.4,30
4150,TI,14461.15,25
4151,Diretoria,10649.3,23
4152,Vendas,14799.58,34
4153,Engenharia,6322.08,60
4154,RH,5765.16,58
4155,RH,6493.49,50
4156,Vendas,5348.06,40
4157,Diretoria,9565.96,32
4158,Vendas,6471.92,63
4159,Vendas,6159.81,62
4160,RH,8935.53,52
4161,RH,3788.88,34
4162,Diretoria,12867.59,24
4163,TI,5417.2,38
4164,RH,3291.75,55
4165,TI,4959.49,42
4166,Diretoria,12051.37,55
4167,Engenharia,12526.68,41
4168,TI,14804.9,65
4169,RH,5728.61,38
4170,Engenharia,13147.81,32
4171,RH,3472.36,37
4172,Marketing,12878.61,55
4173,Marketing,4900.15,25
4174,RH,10418.59,39
4175,Vendas,9545.17,25
4176,Engenharia,4270.46,62
4177,Marketing,5831.56,57
4178,Engenharia,11594.61,21
4179,RH,11294.09,54
4180,RH,5704.38,41
4181,RH,8588.58,55
4182,Vendas,6861.33,56
4183,TI,9455.35,38
4184,RH,14458.96,48
4185,TI,7576.17,62
4186,Vendas,5264.59,44
4187,Vendas,11575.24,56
4188,Engenharia,10103.35,64
4189,TI,8171.04,64
4190,TI,9529.55,65
4191,TI,8547.34,55
4192,Engenharia,11116.02,65
4193,Engenharia,10029.51,35
4194,RH,10687.29,36
4195,TI,9761.09,63
4196,Diretoria,6615.75,21
4197,Vendas,9415.03,54
4198,Vendas,11639.41,26
4199,Engenharia,13531.52,29
4200,Engenharia,4527.16,32
4201,RH,9098.75,48
4202,Vendas,3481.62,56
4203,RH,10282.54,36
4204,Vendas,3851.34,58
4205,TI,6890.32,25
4206,Vendas,14194.38,40
4207,Marketing,9005.69,52
4208,TI,5997.98,31
4209,Marketing,6745.04,35
4210,Marketing,9723.29,51
4211,Marketing,8283.83,21
4212,Vendas,12548.83,35
4213,Vendas,6603.61,32
4214,Engenharia,5852.08,41
4215,Vendas,5674.74,27
4216,Engenharia,9877.85,22
4217,Marketing,13342.83,54
4218,Engenharia,13706.62,47
4219,Vendas,12764.35,31
4220,RH,9672.78,53
4221,RH,10923.11,50
4222,Engenharia,11536.03,55
4223,Diretoria,7166.17,40
4224,Marketing,5826.22,58
4225,Marketing,7670.01,39
4226,TI,3156.34,44
4227,TI,10650.86,50
4228,RH,5934.31,31
4229,TI,14049.83,57
4230,Engenharia,8425.56,49
4231,TI,8787.43,53
4232,Marketing,3920.93,54
4233,Vendas,3114.76,46
4234,Diretoria,14921.68,27
4235,Diretoria,13965.47,44
4236,RH,8532.62,29
4237,RH,5097.0,56
4238,Engenharia,9362.56,51
4239,Diretoria,10281.7,56
4240,TI,14183.81,64
4241,Vendas,14248.03,24
4242,RH,9154.52,63
4243,Vendas,10390.7,55
4244,RH,3232.68,31
4245,Marketing,13934.26,28
4246,Vendas,13997.96,48
4247,Diretoria,7996.42,45
4248,RH,8923.6,30
4249,Engenharia,4007.06,55
4250,Vendas,14399.31,29
4251,Marketing,9018.1,59
4252,RH,9306.41,58
4253,TI,3353.33,52
4254,RH,14727.08,62
4255,Diretoria,11095.69,49
4256,Engenharia,4045.87,39
4257,Marketing,6255.31,46
4258,Marketing,7785.35,59
4259,Diretoria,6862.74,30
4260,TI,8046.85,53
4261,Engenharia,6121.28,29
4262,Marketing,13371.34,35
4263,Vendas,6465.69,45
4264,TI,12070.91,30
4265,TI,6008.67,33
4266,Vendas,5835.4,45
4267,Vendas,5476.64,49
4268,Engenharia,4637.62,34
4269,Engenharia,5296.53,65
4270,Engenharia,8920.08,42
4271,Diretoria,6142.4,43
4272,Engenharia,12765.83,47
4273,Diretoria,4313.79,37
4274,Vendas,10020.29,50
4275,Diretoria,6848.71,46
4276,Vendas,3619.94,36
4277,RH,4902.65,51
4278,Diretoria,3605.2,29
4279,TI,5347.6,30
4280,RH,13198.06,55
4281,Engenharia,10512.03,48
4282,Marketing,13465.83,36
4283,Engenharia,10144.23,21
4284,Engenharia,5052.0,26
4285,Engenharia,5349.67,43
4286,Marketing,7360.8,40
4287,Marketing,14580.54,28
4288,Vendas,12850.43,21
4289,Engenharia,6119.48,23
4290,Marketing,3373.58,35
4291,Vendas,13567.96,52
4292,Marketing,8032.94,51
4293,Diretoria,8131.55,63
4294,Vendas,10589.12,61
4295,RH,11164.13,53
4296,Engenharia,12629.22,60
4297,RH,3852.86,60
4298,Vendas,13481.51,41
4299,Diretoria,9078.94,23
4300,Diretoria,13241.05,37
4301,TI,8941.51,43
4302,Marketing,14476.17,49
4303,TI,9381.0,20
4304,TI,9988.0,21
4305,TI,8367.78,26
4306,TI,7886.74,24
4307,Vendas,10566.91,50
4308,RH,7147.9,42
4309,TI,12963.49,57
4310,Marketing,4809.31,64
4311,TI,4273.53,25
4312,Marketing,13647.59,41
4313,Diretoria,5391.25,65
4314,Engenharia,7914.3,29
4315,Diretoria,7059.41,44
4316,Engenharia,3688.77,24
4317,RH,10157.36,23
4318,Engenharia,14198.29,22
4319,Vendas,3675.21,52
4320,Diretoria,9893.21,50
4321,Marketing,6206.53,27
4322,Vendas,6015.81,25
4323,Vendas,10926.07,34
4324,Marketing,6032.97,40
4325,Engenharia,8715.45,24
4326,Vendas,14677.59,61
4327,TI,12221.58,38
4328,TI,10906.5,42
4329,TI,10365.23,23
4330,Engenharia,6936.79,53
4331,Vendas,11240.44,47
4332,Vendas,13352.76,55
4333,Diretoria,8621.46,44
4334,Diretoria,6773.86,25
4335,TI,12307.96,39
4336,TI,3148.27,63
4337,RH,6602.89,62
4338,RH,4258.91,64
4339,RH,14477.19,57
4340,TI,6141.88,29
4341,RH,14457.31,57
4342,Diretoria,10094.82,37
4343,Marketing,6040.58,30
4344,Engenharia,8379.99,30
4345,Marketing,12825.61,38
4346,RH,5183.43,27
4347,Engenharia,5269.97,56
4348,TI,9793.54,40
4349,Vendas,10652.16,51
4350,Vendas,8595.23,40
4351,Vendas,8134.13,20
4352,TI,10076.87,50
4353,Vendas,8136.29,27
4354,TI,8425.93,20
4355,Diretoria,10943.57,46
4356,Engenharia,9370.51,38
4357,RH,10656.65,33
4358,RH,9191.7,54
4359,TI,13293.9,59
4360,Vendas,5111.44,23
4361,Vendas,4641.1,32
4362,Engenharia,13326.09,61
4363,Diretoria,12241.94,29
4364,Marketing,4788.15,42
4365,Engenharia,5089.15,28
4366,Vendas,10768.49,41
4367,Marketing,11572.99,33
4368,RH,9103.92,34
4369,Marketing,12506.15,37
4370,Engenharia,14465.13,37
4371,Marketing,10493.36,55
4372,Marketing,4120.82,46
4373,Marketing,11077.17,27
4374,RH,14330.62,61
4375,RH,5856.88,64
4376,Marketing,13101.71,57
4377,TI,11951.6,20
4378,RH,14890.82,46
4379,Diretoria,10730.25,23
4380,RH,12924.88,53
4381,Diretoria,14586.51,45
4382,Marketing,12705.84,20
4383,Diretoria,10572.25,50
4384,RH,6307.52,50
4385,Engenharia,13712.48,54
4386,Diretoria,4346.82,47
4387,RH,5340.9,40
4388,TI,11163.5,44
4389,RH,6559.41,36
4390,Marketing,3137.49,34
4391,TI,4150.53,62
4392,Diretoria,6026.86,43
4393,TI,9839.8,40
4394,TI,13953.59,43
4395,RH,9574.66,39
4396,TI,12345.88,48
4397,RH,14328.23,41
4398,Engenharia,12066.08,25
4399,Vendas,12297.21,54
4400,TI,10541.97,60
4401,Engenharia,8318.37,47
4402,TI,4433.59,40
4403,TI,10565.13,22
4404,Vendas,11749.54,60
4405,Vendas,9730.77,62
4406,Vendas,5770.3,30
4407,Vendas,14668.95,47
4408,Diretoria,12473.35,51
4409,TI,7457.81,52
4410,Vendas,4638.46,51
4411,Diretoria,12343.28,38
4412,RH,6489.66,48
4413,TI,12041.15,50
4414,Vendas,14939.32,61
4415,Marketing,5435.99,40
4416,Vendas,4249.95,34
4417,Diretoria,13174.37,50
4418,Marketing,8573.96,33
4419,TI,10374.81,23
4420,Diretoria,12405.59,44
4421,TI,12556.58,31
4422,TI,10796.33,60
4423,RH,12449.6,54
4424,Vendas,14697.74,47
4425,Marketing,10664.07,60
4426,RH,3710.62,44
4427,Diretoria,7958.67,48
4428,TI,10200.87,25
4429,Diretoria,9880.43,43
4430,Engenharia,11660.41,27
4431,Vendas,5274.07,58
4432,RH,3635.76,54
4433,Marketing,8472.14,51
4434,Engenharia,13169.92,34
4435,Marketing,10830.34,36
4436,Engenharia,4779.5,61
4437,Vendas,14420.19,47
4438,TI,3372.45,26
4439,RH,5695.87,65
4440,TI,8728.83,21
4441,TI,6141.32,56
4442,RH,11657.36,46
4443,Engenharia,6249.3,25
4444,RH,10309.46,53
4445,Marketing,7743.76,51
4446,RH,12675.79,55
4447,TI,4621.99,21
4448,TI,6382.37,63
4449,TI,8587.53,44
4450,RH,9050.3,38
4451,Marketing,6760.24,24
4452,Diretoria,11592.22,29
4453,Marketing,13964.08,53
4454,Engenharia,11493.49,60
4455,Engenharia,8047.34,53
4456,Vendas,14890.39,48
4457,Engenharia,7815.79,27
4458,Diretoria,11959.76,23
4459,Marketing,8894.3,38
4460,TI,14429.73,53
4461,Engenharia,14479.61,32
4462,RH,9558.48,54
4463,Vendas,11638.06,64
4464,Engenharia,14875.49,24
4465,Diretoria,10478.65,65
4466,Diretoria,10453.84,37
4467,Marketing,9566.37,64
4468,Vendas,8852.61,55
4469,TI,13525.07,56
4470,Diretoria,8868.07,20
4471,Marketing,14846.21,51
4472,Marketing,11503.6,42
4473,Vendas,10365.64,48
4474,TI,7112.59,42
4475,RH,7583.27,45
4476,Diretoria,12508.78,35
4477,RH,11116.12,35
4478,Vendas,10736.04,64
4479,Vendas,5875.2,40
4480,Engenharia,5219.71,62
4481,Engenharia,5179.31,53
4482,RH,10452.95,40
4483,Marketing,7894.62,30
4484,Vendas,12110.9,63
4485,Engenharia,6940.39,38
4486,Vendas,5858.86,44
4487,TI,6194.54,46
4488,Engenharia,9173.21,34
4489,TI,10073.49,49
4490,Vendas,6762.16,41
4491,Diretoria,13881.78,41
4492,TI,12750.93,61
4493,TI,5976.71,32
4494,Diretoria,13096.89,44
4495,RH,9169.89,57
4496,Vendas,14978.51,27
4497,Engenharia,14554.1,24
4498,RH,13794.36,35
4499,Engenharia,5172.83,42
4500,Engenharia,7952.4,21
4501,Vendas,5991.92,63
4502,TI,11066.7,44
4503,TI,14313.72,26
4504,TI,12369.92,58
4505,Diretoria,10229.38,25
4506,Diretoria,4718.73,54
4507,Engenharia,5863.81,58
4508,Vendas,11134.34,59
4509,RH,7670.47,49
4510,Vendas,13684.18,30
4511,Engenharia,3320.25,45
4512,Vendas,5450.95,63
4513,TI,7324.59,58
4514,Vendas,5301.29,65
4515,TI,7340.76,55
4516,Vendas,8377.88,29
4517,RH,5289.8,47
4518,Engenharia,11600.1,23
4519,Engenharia,9473.22,48
4520,Vendas,4042.2,57
4521,Vendas,14268.84,45
4522,TI,8480.59,46
4523,TI,5666.55,29
4524,RH,9493.34,51
4525,Vendas,13230.09,30
4526,TI,10647.16,30
4527,Marketing,14909.17,53
4528,RH,9859.06,33
4529,TI,12517.98,49
4530,RH,3260.26,60
4531,Engenharia,8627.34,22
4532,Vendas,6842.84,45
4533,TI,4703.61,37
4534,Diretoria,9867.72,42
4535,Diretoria,8763.46,31
4536,Engenharia,9518.93,29
4537,Marketing,11023.63,51
4538,TI,7777.03,60
4539,TI,12665.2,43
4540,TI,7179.21,30
4541,Engenharia,5478.39,54
4542,Diretoria,11001.94,29
4543,TI,11588.74,62
4544,RH,10127.64,58
4545,Engenharia,7442.68,59
4546,Engenharia,4595.6,28
4547,Vendas,4063.47,48
4548,Marketing,11565.39,38
4549,RH,14273.94,43
4550,TI,3191.15,62
4551,Vendas,11850.73,56
4552,RH,7628.14,49
4553,Marketing,14898.3,63
4554,Marketing,14818.05,44
4555,Vendas,8341.53,38
4556,TI,5289.23,29
4557,Vendas,14850.64,58
4558,Vendas,7097.01,27
4559,Diretoria,8928.14,51
4560,RH,11656.63,21
4561,Diretoria,10915.38,63
4562,Marketing,14790.28,40
4563,Vendas,8678.89,28
4564,Engenharia,14829.36,50
4565,Vendas,5068.19,31
4566,Engenharia,5257.35,32
4567,Diretoria,13935.6,60
4568,Marketing,7036.75,51
4569,Marketing,6307.91,32
4570,Marketing,14551.64,31
4571,Diretoria,8395.5,52
4572,RH,8550.44,63
4573,Vendas,6089.54,25
4574,RH,3040.35,21
4575,RH,6256.39,26
4576,RH,5812.22,37
4577,Engenharia,11642.54,59
4578,Diretoria,10569.14,20
4579,Engenharia,6427.64,57
4580,Diretoria,10113.91,27
4581,Vendas,14540.22,50
4582,TI,4095.16,32
4583,RH,3297.03,22
4584,Vendas,5811.6,37
4585,Engenharia,8999.73,21
4586,Marketing,14919.01,38
4587,Diretoria,11117.22,29
4588,Engenharia,9475.17,49
4589,Diretoria,12262.63,32
4590,Engenharia,10232.06,53
4591,RH,12718.08,29
4592,Vendas,7364.96,65
4593,Marketing,5452.96,39
4594,RH,13705.43,28
4595,Vendas,14724.29,23
4596,Marketing,8633.24,29
4597,Engenharia,11627.75,26
4598,Vendas,7858.91,54
4599,Marketing,10147.58,29
4600,TI,12115.58,23
4601,Vendas,13310.98,52
4602,Vendas,12561.95,60
4603,RH,13360.68,57
4604,Engenharia,6629.8,28
4605,RH,5025.89,43
4606,Diretoria,4696.33,45
4607,Marketing,9876.29,63
4608,RH,13323.66,60
4609,TI,3534.38,59
4610,Engenharia,12994.7,39
4611,Diretoria,4731.31,35
4612,Engenharia,9029.28,62
4613,Engenharia,14371.61,57
4614,Diretoria,13449.46,54
4615,Vendas,6269.03,44
4616,Engenharia,12459.71,45
4617,RH,4318.14,30
4618,Vendas,8846.49,45
4619,Vendas,9589.12,57
4620,Engenharia,5970.4,59
4621,Diretoria,9615.0,38
4622,Diretoria,13164.89,26
4623,RH,11548.71,40
4624,Vendas,14062.36,49
4625,Engenharia,13060.25,51
4626,Engenharia,9916.51,51
4627,TI,11205.41,22
4628,TI,8593.49,21
4629,Engenharia,10191.66,56
4630,Marketing,11188.56,41
4631,Marketing,8021.71,25
4632,Marketing,14843.49,59
4633,Diretoria,4954.49,36
4634,RH,14233.73,35
4635,RH,7890.87,22
4636,RH,7272.88,21
4637,Vendas,10534.42,22
4638,Vendas,13073.64,60
4639,TI,8832.98,21
4640,Diretoria,12326.29,59
4641,RH,7955.12,55
4642,RH,10462.29,21
4643,TI,14235.98,48
4644,Marketing,4178.13,45
4645,TI,12658.31,29
4646,RH,6473.84,38
4647,RH,14497.33,20
4648,Diretoria,12789.39,25
4649,Diretoria,8917.76,32
4650,Engenharia,8509.25,56
4651,Diretoria,5434.82,34
4652,Marketing,6981.21,28
4653,TI,6978.3,30
4654,Diretoria,8231.94,58
4655,Engenharia,4325.99,41
4656,Diretoria,12316.63,24
4657,Engenharia,4377.97,52
4658,Vendas,14946.76,29
4659,RH,3849.75,59
4660,Diretoria,5708.34,59
4661,RH,7182.19,39
4662,RH,14353.58,63
4663,Marketing,7315.99,34
4664,RH,14131.21,57
4665,Diretoria,6357.65,59
4666,TI,3084.82,39
4667,Engenharia,5755.15,53
4668,Engenharia,3862.94,29
4669,Diretoria,4289.0,56
4670,Marketing,12649.2,53
4671,Engenharia,5368.49,38
4672,Diretoria,3389.6,33
4673,Engenharia,10986.15,39
4674,Engenharia,13903.15,59
4675,TI,10651.76,55
4676,Marketing,14266.32,47
4677,Vendas,7452.94,33
4678,Engenharia,13901.18,57
4679,Engenharia,13735.93,40
4680,Marketing,7728.33,48
4681,Diretoria,6463.35,27
4682,Marketing,3708.73,62
4683,Diretoria,7139.49,36
4684,TI,12039.31,27
4685,RH,5512.37,24
4686,TI,6237.39,59
4687,Engenharia,5392.32,37
4688,Marketing,8338.6,59
4689,TI,7928.75,56
4690,Vendas,5721.8,59
4691,TI,6060.03,63
4692,Vendas,11473.81,28
4693,Marketing,13949.09,56
4694,Diretoria,10456.54,34
4695,Engenharia,11309.19,27
4696,Vendas,7656.92,28
4697,TI,8864.42,63
4698,Engenharia,14496.48,47
4699,Engenharia,4447.73,58
4700,Diretoria,12378.15,34
4701,Vendas,3132.14,45
4702,Vendas,12201.39,64
4703,TI,7725.51,26
4704,Vendas,7662.78,59
4705,Diretoria,8698.16,29
4706,TI,12475.95,56
4707,TI,7615.64,61
4708,Engenharia,4120.14,20
4709,RH,3904.3,49
4710,TI,7190.26,61
4711,Diretoria,9370.78,42
4712,Vendas,7480.51,49
4713,Diretoria,7432.03,40
4714,Vendas,13452.89,49
4715,Diretoria,12245.72,53
4716,Diretoria,10815.39,58
4717,TI,14661.24,25
4718,Engenharia,8699.78,38
4719,Engenharia,8545.26,37
4720,TI,6186.32,37
4721,Marketing,13360.46,62
4722,RH,12165.77,32
4723,Marketing,14335.62,50
4724,TI,10232.07,23
4725,Engenharia,12345.7,26
4726,RH,7941.06,63
4727,Vendas,10276.51,22
4728,RH,10626.52,43
4729,Engenharia,9127.88,34
4730,TI,12898.93,22
4731,Diretoria,7430.03,47
4732,Marketing,7808.04,57
4733,Marketing,3467.78,49
4734,RH,9113.2,63
4735,Diretoria,5058.78,20
4736,Engenharia,12436.89,25
4737,Vendas,5468.18,43
4738,TI,3204.72,51
4739,Vendas,3798.68,29
4740,Engenharia,12653.0,59
4741,Vendas,10155.59,61
4742,TI,7049.76,28
4743,Engenharia,3545.36,62
4744,Marketing,10200.45,61
4745,RH,11455.21,64
4746,Marketing,4770.8,46
4747,Diretoria,10821.36,43
4748,TI,14456.16,27
4749,Vendas,10258.98,23
4750,RH,9385.45,49
4751,Engenharia,8872.04,39
4752,TI,14934.73,30
4753,Engenharia,14636.2,25
4754,Diretoria,3456.02,45
4755,Vendas,9964.94,60
4756,Vendas,8684.3,51
4757,TI,5605.02,50
4758,Engenharia,12289.34,52
4759,Engenharia,13375.49,35
4760,RH,9776.91,51
4761,Diretoria,9481.9,48
4762,TI,14938.73,29
4763,Diretoria,10723.74,35
4764,Marketing,14169.35,37
4765,Engenharia,13859.77,35
4766,RH,3049.89,39
4767,Vendas,8259.52,24
4768,Marketing,11752.17,32
4769,Marketing,6845.39,33
4770,Marketing,13755.84,39
4771,RH,13584.17,38
4772,Diretoria,9183.39,32
4773,Engenharia,8921.99,54
4774,TI,5455.9,56
4775,Vendas,5218.85,56
4776,Marketing,6698.18,20
4777,RH,10275.37,51
4778,Vendas,8747.21,40
4779,TI,10898.02,41
4780,Diretoria,10835.38,41
4781,Vendas,11640.32,56
4782,Vendas,12493.23,53
4783,TI,5561.78,42
4784,Marketing,9021.13,48
4785,Vendas,14734.15,61
4786,Engenharia,4303.02,53
4787,Diretoria,9885.32,36
4788,Vendas,5826.76,24
4789,Engenharia,4208.83,59
4790,TI,4873.78,50
4791,Marketing,7775.2,33
4792,Diretoria,6704.88,34
4793,Engenharia,6436.0,49
4794,TI,11890.24,36
4795,Marketing,7843.49,29
4796,RH,3608.32,51
4797,Engenharia,5075.18,31
4798,Vendas,7690.65,45
4799,Diretoria,3889.43,65
4800,RH,7699.0,61
4801,Vendas,11580.11,44
4802,Engenharia,14794.14,60
4803,Diretoria,8574.37,57
4804,RH,11077.06,21
4805,Vendas,5300.08,58
4806,Engenharia,13641.58,35
4807,Vendas,7276.87,49
4808,Diretoria,6598.13,26
4809,Marketing,6771.01,39
4810,Marketing,10632.91,37
4811,Engenharia,5485.18,63
4812,Engenharia,9179.54,48
4813,RH,12400.75,36
4814,Diretoria,12519.98,49
4815,Engenharia,14512.71,55
4816,RH,10530.02,27
4817,Vendas,5483.25,21
4818,Marketing,4539.57,42
4819,RH,10103.84,38
4820,Vendas,14904.02,47
4821,Engenharia,14745.59,50
4822,Diretoria,9079.13,38
4823,TI,11376.27,36
4824,Diretoria,5677.78,50
4825,Vendas,11208.82,49
4826,TI,7350.0,30
4827,TI,11593.98,61
4828,TI,4172.0,22
4829,Marketing,5008.42,60
4830,Vendas,4622.12,49
4831,Diretoria,5700.63,47
4832,Engenharia,12924.08,25
4833,Vendas,6096.89,57
4834,Vendas,14307.99,63
4835,Marketing,5444.47,45
4836,RH,10248.05,30
4837,RH,3406.73,33
4838,Diretoria,14805.66,44
4839,Diretoria,14442.11,39
4840,Diretoria,14612.21,43
4841,Engenharia,11415.38,34
4842,Marketing,14147.07,56
4843,RH,5813.6,47
4844,Engenharia,7099.08,60
4845,Vendas,6726.07,51
4846,Vendas,9660.6,27
4847,Marketing,13795.6,39
4848,RH,10100.66,40
4849,TI,8285.46,49
4850,TI,10767.68,32
4851,Vendas,14656.8,47
4852,Diretoria,5906.76,32
4853,RH,14669.97,28
4854,Vendas,5918.99,39
4855,TI,6048.81,27
4856,Engenharia,4609.8,65
4857,TI,14700.38,36
4858,Marketing,9720.97,45
4859,Engenharia,9973.06,37
4860,Vendas,14868.94,61
4861,Engenharia,6210.95,31
4862,RH,5961.71,38
4863,Vendas,10383.66,37
4864,Diretoria,13063.32,36
4865,Marketing,7180.22,33
4866,RH,4396.86,50
4867,Marketing,7566.42,47
4868,Engenharia,8619.13,21
4869,RH,9130.7,53
4870,TI,6249.37,53
4871,Engenharia,6522.16,38
4872,Engenharia,5404.67,20
4873,TI,6184.78,50
4874,TI,4455.24,50
4875,TI,3956.18,50
4876,Diretoria,4052.17,29
4877,RH,6809.42,55
4878,Diretoria,5191.5,42
4879,Diretoria,13851.97,54
4880,Vendas,11802.72,38
4881,Vendas,5744.74,37
4882,Engenharia,4370.94,61
4883,TI,4002.51,58
4884,Marketing,4787.24,25
4885,Diretoria,7404.51,36
4886,TI,10088.38,48
4887,TI,9618.59,35
4888,Engenharia,8042.48,54
4889,RH,4196.1,47
4890,Engenharia,5395.58,62
4891,RH,8927.88,45
4892,TI,8945.08,33
4893,Engenharia,12015.3,33
4894,Engenharia,8172.6,65
4895,Engenharia,6340.99,61
4896,Diretoria,7121.01,31
4897,TI,11735.84,26
4898,RH,10652.79,42
4899,Marketing,5940.85,59
4900,Engenharia,14934.48,58
4901,RH,3079.15,46
4902,TI,8226.83,49
4903,Diretoria,10822.13,22
4904,Vendas,12114.26,40
4905,Vendas,4303.46,38
4906,Diretoria,3062.8,52
4907,Marketing,11165.97,21
4908,TI,7977.09,43
4909,Vendas,4507.32,41
4910,Diretoria,13596.74,59
4911,Vendas,7773.47,54
4912,Diretoria,8571.16,63
4913,TI,5394.02,37
4914,Diretoria,10723.67,64
4915,Marketing,4364.44,28
4916,Marketing,7361.81,24
4917,Diretoria,4714.38,55
4918,Marketing,9215.94,27
4919,Marketing,10242.97,45
4920,Vendas,3885.54,55
4921,Marketing,7341.88,41
4922,RH,3469.67,41
4923,Diretoria,11446.65,54
4924,Engenharia,7521.15,31
4925,Marketing,3948.16,44
4926,Vendas,14415.99,64
4927,Engenharia,14305.08,58
4928,RH,4930.68,59
4929,Vendas,14458.35,47
4930,Engenharia,6219.81,37
4931,Vendas,6813.48,37
4932,RH,8687.3,25
4933,Vendas,14897.48,57
4934,Diretoria,14132.77,38
4935,Vendas,8745.79,33
4936,Engenharia,11952.36,65
4937,TI,13218.46,39
4938,Engenharia,13200.77,29
4939,RH,5476.63,31
4940,Diretoria,8520.51,34
4941,RH,11595.16,64
4942,TI,6748.4,51
4943,Marketing,7748.32,45
4944,Engenharia,4946.03,21
4945,Diretoria,12069.04,58
4946,TI,3856.88,52
4947,Vendas,3047.71,45
4948,Diretoria,5723.04,23
4949,TI,12515.42,24
4950,Vendas,5018.37,30
4951,Vendas,10319.18,22
4952,Vendas,13102.87,51
4953,Marketing,3269.64,54
4954,TI,11059.67,65
4955,TI,8226.95,52
4956,Engenharia,9731.06,40
4957,RH,11053.9,39
4958,RH,14340.78,63
4959,Engenharia,8213.04,55
4960,Diretoria,11457.55,37
4961,RH,12439.57,57
4962,Diretoria,3083.13,59
4963,Vendas,11261.67,42
4964,TI,11566.78,38
4965,Engenharia,5567.21,24
4966,TI,4165.43,59
4967,Engenharia,10668.05,36
4968,TI,13978.11,33
4969,Marketing,9726.83,59
4970,Marketing,3249.26,55
4971,Marketing,5994.54,33
4972,Marketing,6921.63,32
4973,Engenharia,10360.5,55
4974,Engenharia,4245.99,65
4975,Marketing,9049.38,20
4976,Engenharia,11628.29,59
4977,Vendas,3910.86,33
4978,Marketing,12940.44,65
4979,RH,11868.31,65
4980,RH,4362.78,43
4981,RH,3006.21,64
4982,RH,13679.7,59
4983,TI,3446.68,40
4984,RH,3678.68,63
4985,Engenharia,14558.28,64
4986,TI,12003.63,57
4987,Vendas,6887.92,59
4988,Vendas,10903.42,31
4989,RH,11852.14,29
4990,Diretoria,5243.98,25
4991,RH,13681.91,24
4992,Vendas,5698.05,46
4993,TI,11662.82,54
4994,Vendas,10702.37,31
4995,Marketing,4012.84,27
4996,Vendas,10462.52,26
4997,TI,10814.18,20
4998,Marketing,14646.1,38
4999,Engenharia,13769.96,62
5000,TI,13235.31,43
5001,RH,8616.03,57
5002,Engenharia,5267.39,58
5003,Marketing,11476.37,46
5004,Engenharia,14813.3,36
5005,Engenharia,13598.43,49
5006,RH,7849.39,25
5007,Vendas,11184.23,62
5008,TI,9623.24,56
5009,RH,13460.69,46
5010,Vendas,7077.17,56
5011,Engenharia,14971.41,37
5012,Marketing,4441.37,37
5013,RH,10527.63,57
5014,Engenharia,11271.85,20
5015,RH,5469.31,22
5016,Marketing,7287.81,60
5017,Diretoria,5376.6,56
5018,TI,8258.9,30
5019,Engenharia,4469.42,30
5020,RH,7001.22,45
5021,RH,11304.69,60
5022,Marketing,5280.57,33
5023,Vendas,6746.62,37
5024,RH,13878.96,45
5025,Engenharia,5177.65,57
5026,RH,8921.09,44
5027,Diretoria,3218.35,61
5028,Engenharia,13100.23,26
5029,RH,9172.18,23
5030,Engenharia,3387.1,39
5031,Engenharia,7648.09,63
5032,Vendas,14609.95,61
5033,TI,14057.58,29
5034,RH,7684.47,40
5035,RH,8053.51,58
5036,TI,9266.93,33
5037,Marketing,10582.91,31
5038,Diretoria,5475.16,41
5039,RH,7842.3,63
5040,Engenharia,6270.6,62
5041,Engenharia,4125.61,61
5042,Marketing,4257.49,61
5043,Marketing,10645.37,48
5044,Diretoria,13085.29,30
5045,TI,7893.37,53
5046,RH,5613.15,42
5047,Vendas,13951.7,23
5048,Engenharia,11246.56,55
5049,TI,14591.62,55
5050,TI,6047.8,26
5051,Vendas,5643.3,21
5052,RH,7823.92,56
5053,Marketing,14356.31,22
5054,Engenharia,9435.05,51
5055,Diretoria,10064.65,27
5056,Marketing,14462.8,63
5057,Vendas,3563.11,47
5058,Marketing,6438.1,33
5059,TI,14893.1,54
5060,Vendas,5138.58,22
5061,Vendas,14265.8,55
5062,Marketing,3957.09,55
5063,Engenharia,7641.69,56
5064,Marketing,9497.41,29
5065,TI,5190.9,49
5066,TI,8626.58,21
5067,TI,5321.92,38
5068,Diretoria,13583.28,49
5069,Engenharia,3098.92,37
5070,Diretoria,6504.92,35
5071,Marketing,7506.17,53
5072,Marketing,12550.04,41
5073,Diretoria,11691.71,42
5074,Vendas,5299.01,40
5075,Engenharia,4428.68,33
5076,Marketing,4190.42,23
5077,RH,12878.26,56
5078,Diretoria,9038.53,54
5079,Vendas,6049.09,23
5080,Engenharia,6016.48,39
5081,Engenharia,14786.46,52
5082,Diretoria,7118.07,30
5083,RH,8041.88,23
5084,Diretoria,13966.12,36
5085,RH,11807.02,58
5086,Marketing,5621.64,55
5087,Vendas,7852.21,39
5088,Diretoria,8612.13,20
5089,Vendas,14234.8,56
5090,Diretoria,6889.54,20
5091,Engenharia,12991.74,42
5092,Vendas,4692.8,38
5093,Vendas,9070.83,54
5094,Vendas,3923.98,35
5095,Marketing,12436.57,35
5096,Vendas,5016.79,50
5097,Engenharia,6604.26,46
5098,Diretoria,9659.91,28
5099,Vendas,12481.69,51
5100,Vendas,5353.56,25
5101,Marketing,5567.74,44
5102,TI,5019.99,36
5103,Marketing,3555.71,51
5104,TI,12010.35,36
5105,Diretoria,14528.69,39
5106,RH,5828.11,44
5107,Diretoria,5178.33,33
5108,Vendas,14053.39,25
5109,Diretoria,11794.65,35
5110,Marketing,10039.48,61
5111,Diretoria,8119.05,28
5112,Diretoria,5658.03,49
5113,Vendas,5766.6,30
5114,Marketing,5262.29,39
5115,TI,4099.85,28
5116,Marketing,4586.49,35
5117,Diretoria,3345.78,31
5118,Marketing,6449.64,23
5119,Diretoria,5121.02,52
5120,Diretoria,9632.05,50
5121,TI,11255.42,54
5122,Marketing,10251.34,43
5123,TI,7976.49,42
5124,TI,6119.48,57
5125,Vendas,3085.91,61
5126,TI,8134.8,22
5127,Diretoria,5381.36,48
5128,Engenharia,3743.64,28
5129,Diretoria,7488.03,40
5130,Vendas,5962.77,34
5131,Diretoria,9111.67,51
5132,Diretoria,13234.35,24
5133,TI,13882.04,45
5134,Vendas,13936.13,53
5135,TI,10341.21,65
5136,TI,13507.19,42
5137,Marketing,10974.85,59
5138,TI,9464.4,54
5139,Diretoria,8498.79,26
5140,Marketing,4688.31,51
5141,Diretoria,4036.98,40
5142,RH,3778.06,47
5143,Vendas,6362.78,55
5144,Engenharia,14971.3,47
5145,Vendas,5095.76,40
5146,RH,11653.28,59
5147,TI,6313.27,36
5148,Diretoria,7938.37,31
5149,Diretoria,4058.42,23
5150,Marketing,6520.94,28
5151,RH,8419.26,22
5152,RH,13939.05,22
5153,Marketing,4846.89,45
5154,Vendas,12680.41,30
5155,Marketing,3236.0,50
5156,RH,8753.46,38
5157,Engenharia,13932.56,60
5158,RH,14590.52,25
5159,Diretoria,11679.6,62
5160,Diretoria,13564.6,49
5161,Vendas,4965.31,47
5162,Marketing,10408.73,31
5163,Marketing,7981.68,44
5164,Diretoria,10423.88,26
5165,Marketing,5262.08,64
5166,Diretoria,11852.1,43
5167,Marketing,3076.16,26
5168,TI,12421.87,20
5169,Engenharia,12769.25,23
5170,RH,12362.9,64
5171,Vendas,13329.01,39
5172,Marketing,8977.78,29
5173,Diretoria,13980.41,46
5174,RH,5116.46,49
5175,RH,10206.47,57
5176,TI,7852.46,24
5177,TI,3304.41,29
5178,TI,14631.9,25
5179,Marketing,14312.51,61
5180,Vendas,10009.94,55
5181,TI,7075.39,30
5182,RH,13990.92,26
5183,Vendas,10669.65,30
5184,Marketing,14090.84,33
5185,RH,6296.6,55
5186,TI,4339.45,32
5187,Engenharia,11865.56,40
5188,Diretoria,13187.65,47
5189,Marketing,10960.76,28
5190,Engenharia,6108.05,38
5191,Vendas,9466.08,59
5192,RH,9264.25,51
5193,Marketing,3104.79,36
5194,Diretoria,5267.02,20
5195,TI,6915.73,39
5196,Engenharia,12965.66,23
5197,TI,5290.63,35
5198,Vendas,11046.87,58
5199,RH,10029.22,57
5200,RH,5723.57,33
5201,Vendas,6636.26,45
5202,TI,6634.16,37
5203,Engenharia,14362.02,33
5204,Diretoria,14361.21,47
5205,Vendas,4302.1,61
5206,Engenharia,6964.52,20
5207,RH,3378.16,59
5208,Engenharia,12556.88,58
5209,Vendas,6446.38,28
5210,TI,13619.36,61
5211,Vendas,10538.31,26
5212,RH,5839.7,65
5213,Engenharia,6663.85,37
5214,TI,7990.17,61
5215,TI,6380.72,39
5216,Marketing,13519.24,52
5217,Vendas,7281.23,50
5218,Diretoria,5517.38,64
5219,Engenharia,10001.56,40
5220,Engenharia,6209.66,60
5221,Vendas,11519.16,37
5222,TI,3284.67,65
5223,Diretoria,12828.17,23
5224,TI,9229.73,42
5225,Engenharia,8557.04,36
5226,RH,14014.04,29
5227,Diretoria,11322.12,56
5228,Engenharia,11967.83,50
5229,Diretoria,13262.09,25
5230,Engenharia,8720.45,24
5231,TI,8624.35,39
5232,Vendas,10863.9,51
5233,Marketing,13279.82,28
5234,Marketing,12105.13,45
5235,RH,5114.15,36
5236,Engenharia,6005.72,45
5237,Diretoria,14483.45,54
5238,Engenharia,5481.76,32
5239,RH,6633.86,49
5240,Vendas,8508.71,39
5241,Diretoria,7827.01,58
5242,TI,9204.72,26
5243,RH,11130.49,60
5244,Diretoria,3489.73,62
5245,Engenharia,11480.53,39
5246,Vendas,3322.0,62
5247,Marketing,12113.66,21
5248,Marketing,9955.62,35
5249,RH,5697.65,33
5250,Vendas,3081.82,31
5251,Marketing,14489.53,20
5252,Engenharia,4934.63,53
5253,RH,14165.63,26
5254,Diretoria,7777.52,53
5255,Marketing,5632.17,39
5256,Diretoria,10573.17,41
5257,Vendas,5934.76,62
5258,Engenharia,9730.01,31
5259,Marketing,10275.24,31
5260,TI,6724.9,28
5261,TI,13733.36,62
5262,RH,10604.68,63
5263,Marketing,11506.87,62
5264,Engenharia,14143.64,57
5265,TI,10002.05,59
5266,Diretoria,11077.11,47
5267,Engenharia,13808.85,61
5268,TI,9452.43,43
5269,Diretoria,10639.89,24
5270,TI,13102.76,61
5271,TI,8136.06,63
5272,Vendas,5666.2,63
5273,Vendas,7922.57,22
5274,Marketing,12655.21,44
5275,Marketing,4900.21,57
5276,Marketing,7828.28,54
5277,Marketing,6590.02,33
5278,Vendas,5201.57,28
5279,RH,4852.9,22
5280,RH,11375.06,36
5281,Engenharia,8273.25,35
5282,Diretoria,13264.42,25
5283,Vendas,5637.09,40
5284,Marketing,7123.07,43
5285,RH,14768.1,25
5286,RH,5102.67,21
5287,Diretoria,8298.58,60
5288,Marketing,7134.13,51
5289,TI,7374.06,37
5290,Vendas,14257.12,29
5291,Vendas,4213.94,49
5292,Engenharia,6370.09,44
5293,Marketing,14167.39,35
5294,Diretoria,5284.11,64
5295,RH,14204.57,64
5296,TI,11746.67,60
5297,Vendas,13496.11,57
5298,RH,9837.27,52
5299,Vendas,7909.1,50
5300,Diretoria,8255.62,43
5301,Marketing,4476.72,32
5302,Diretoria,11485.61,59
5303,Marketing,12987.26,54
5304,Diretoria,10943.69,49
5305,TI,12194.76,43
5306,Marketing,3321.97,25
5307,Engenharia,13259.81,35
5308,RH,8390.05,35
5309,Vendas,9327.04,50
5310,Marketing,11478.25,62
5311,Vendas,6421.11,37
5312,Marketing,14895.9,34
5313,Diretoria,14160.78,58
5314,Diretoria,10079.36,43
5315,TI,6052.55,56
5316,Engenharia,11618.08,57
5317,RH,12007.72,33
5318,Marketing,6160.27,39
5319,TI,9700.58,56
5320,Engenharia,12055.01,22
5321,Marketing,6402.69,59
5322,Diretoria,10293.38,54
5323,TI,13895.86,56
5324,Vendas,4186.04,29
5325,Vendas,6089.01,39
5326,Diretoria,14417.27,30
5327,Diretoria,10580.91,62
5328,RH,11634.68,22
5329,TI,6392.06,34
5330,Diretoria,11591.66,20
5331,Diretoria,8749.43,51
5332,TI,11772.04,36
5333,RH,5037.5,51
5334,Diretoria,7749.95,63
5335,Diretoria,14178.77,62
5336,Diretoria,4133.1,56
5337,Diretoria,13061.65,32
5338,Vendas,8362.15,38
5339,Diretoria,8833.58,65
5340,Marketing,5179.28,41
5341,Diretoria,11697.0,38
5342,Engenharia,8484.77,56
5343,Marketing,14962.75,48
5344,RH,12821.77,41
5345,TI,9328.81,27
5346,RH,11005.67,58
5347,TI,7876.0,50
5348,RH,3055.54,57
5349,Marketing,13097.39,52
5350,Marketing,6942.76,34
5351,Marketing,4502.2,58
5352,RH,8204.0,43
5353,Vendas,4751.67,62
5354,Diretoria,8715.25,23
5355,Diretoria,7140.43,24
5356,Vendas,12863.54,34
5357,Vendas,10336.7,63
5358,Marketing,11854.3,34
5359,Engenharia,4808.86,41
5360,Diretoria,5894.48,53
5361,Diretoria,5005.44,22
5362,Engenharia,14646.27,20
5363,TI,10297.39,54
5364,RH,14102.17,59
5365,Engenharia,8001.34,41
5366,Engenharia,6747.18,59
5367,TI,8882.61,29
5368,Diretoria,14360.21,59
5369,Marketing,11592.37,34
5370,Engenharia,10370.79,53
5371,RH,11308.1,30
5372,TI,4264.02,65
5373,TI,3831.28,25
5374,Marketing,14964.66,31
5375,Engenharia,14553.3,63
5376,TI,13830.09,61
5377,RH,3155.6,33
5378,TI,6964.21,33
5379,Engenharia,8101.99,43
5380,Marketing,12623.93,50
5381,RH,9322.68,42
5382,Engenharia,12408.86,53
5383,Engenharia,14199.22,44
5384,RH,11350.18,60
5385,Engenharia,8985.22,50
5386,Diretoria,9325.91,34
5387,Vendas,11263.57,60
5388,Vendas,12397.69,41
5389,Marketing,9333.56,37
5390,RH,5959.4,43
5391,TI,4727.2,20
5392,Vendas,4700.64,45
5393,Marketing,4741.96,33
5394,Vendas,10488.02,59
5395,Diretoria,14659.0,27
5396,RH,13133.03,56
5397,Engenharia,5433.81,27
5398,RH,8813.29,40
5399,Diretoria,11318.36,23
5400,RH,10592.87,37
5401,Engenharia,5779.55,62
5402,RH,5972.52,32
5403,Vendas,12724.21,54
5404,Engenharia,11937.58,43
5405,Marketing,6114.04,55
5406,Diretoria,7307.34,60
5407,Engenharia,3691.21,23
5408,Engenharia,8819.3,58
5409,Marketing,7610.29,26
5410,RH,6661.6,35
5411,RH,9867.78,32
5412,Marketing,8116.7,21
5413,Engenharia,12537.12,32
5414,Vendas,10297.8,24
5415,TI,9170.63,52
5416,Diretoria,5766.47,65
5417,Vendas,10346.25,33
5418,Vendas,11277.81,61
5419,Vendas,7611.66,48
5420,TI,8455.74,49
5421,RH,3041.9,64
5422,RH,5781.78,49
5423,Marketing,4576.39,22
5424,Diretoria,8014.27,22
5425,TI,10568.11,46
5426,TI,11043.0,54
5427,Engenharia,7651.83,63
5428,Engenharia,11449.6,55
5429,Diretoria,4350.77,34
5430,Diretoria,6435.45,54
5431,Marketing,10795.48,28
5432,Engenharia,6325.03,57
5433,RH,12042.4,43
5434,Diretoria,14237.7,33
5435,Vendas,12588.52,51
5436,Marketing,8206.77,30
5437,Engenharia,13807.21,45
5438,Diretoria,9784.18,36
5439,Marketing,14647.21,21
5440,Vendas,9524.63,58
5441,Engenharia,4783.62,21
5442,Engenharia,7512.44,22
5443,TI,7728.12,46
5444,Diretoria,12812.75,33
5445,Engenharia,9636.84,41
5446,Engenharia,11190.56,51
5447,TI,8970.56,26
5448,Marketing,3166.67,36
5449,TI,12158.07,52
5450,RH,8828.43,44
5451,Marketing,14113.82,25
5452,Diretoria,14608.93,46
5453,TI,10773.09,49
5454,TI,9046.0,28
5455,Vendas,14335.55,65
5456,TI,8925.55,27
5457,RH,7833.77,38
5458,RH,8745.53,35
5459,Engenharia,13375.01,34
5460,RH,14038.47,56
5461,Marketing,3373.81,60
5462,Vendas,11305.08,26
5463,TI,14333.92,22
5464,RH,7137.84,22
5465,Diretoria,6656.14,28
5466,Vendas,6698.93,52
5467,Diretoria,8542.59,21
5468,Engenharia,7398.07,33
5469,Vendas,8807.09,36
5470,RH,10738.43,53
5471,Marketing,11928.72,23
5472,TI,14700.0,55
5473,Vendas,11214.69,38
5474,Diretoria,9963.05,36
5475,TI,9249.15,44
5476,Engenharia,10146.63,50
5477,Diretoria,12213.59,60
5478,RH,9182.3,43
5479,Diretoria,9919.15,38
5480,TI,7801.42,64
5481,Diretoria,6261.17,40
5482,Vendas,3241.97,44
5483,Engenharia,6187.78,46
5484,Vendas,11701.01,61
5485,Marketing,12869.96,20
5486,Vendas,10281.48,59
5487,Diretoria,5747.45,47
5488,Vendas,13781.13,51
5489,Engenharia,4242.73,53
5490,Marketing,11762.73,56
5491,TI,10052.01,54
5492,TI,8621.7,54
5493,Engenharia,14330.84,41
5494,RH,5751.35,60
5495,RH,14593.76,44
5496,Vendas,10603.12,48
5497,Vendas,12489.36,61
5498,TI,5343.37,53
5499,Engenharia,13779.29,62
5500,TI,8415.24,28
5501,Engenharia,9452.75,33
5502,Engenharia,7987.81,34
5503,Vendas,7729.21,62
5504,TI,5744.34,43
5505,Diretoria,8070.11,43
5506,Engenharia,6339.15,44
5507,Marketing,5010.42,35
5508,TI,4450.54,43
5509,Marketing,5809.6,65
5510,Marketing,6303.89,56
5511,Engenharia,6827.98,34
5512,Engenharia,11994.01,50
5513,Engenharia,9167.41,38
5514,Diretoria,4162.58,61
5515,Vendas,14851.65,25
5516,TI,13575.42,51
5517,TI,12744.51,27
5518,Engenharia,13747.54,53
5519,Diretoria,7918.91,39
5520,Engenharia,8104.55,56
5521,Vendas,7837.89,65
5522,TI,4529.14,28
5523,TI,3609.82,28
5524,Diretoria,11131.78,30
5525,TI,11372.18,64
5526,Engenharia,13970.33,44
5527,Marketing,10424.32,52
5528,Engenharia,9981.66,41
5529,Vendas,12296.46,52
5530,Diretoria,4866.52,39
5531,Diretoria,9256.3,49
5532,Vendas,3822.18,46
5533,TI,4343.83,55
5534,Marketing,12588.53,35
5535,Vendas,13326.04,27
5536,Diretoria,4031.57,65
5537,Diretoria,13360.95,45
5538,Diretoria,3642.35,53
5539,Marketing,13021.74,29
5540,RH,6227.94,49
5541,Diretoria,7765.42,25
5542,Diretoria,4083.16,48
5543,Marketing,6340.85,57
5544,TI,4804.86,20
5545,Marketing,10676.97,44
5546,Marketing,12611.11,46
5547,TI,12809.57,59
5548,TI,7537.24,31
5549,TI,6308.67,29
5550,Diretoria,13151.44,48
5551,Vendas,6651.31,27
5552,Diretoria,9789.69,44
5553,Vendas,12576.66,53
5554,RH,14271.51,59
5555,Vendas,3711.52,53
5556,RH,8984.24,46
5557,Marketing,5631.76,58
5558,Diretoria,3800.91,50
5559,RH,14658.47,63
5560,Engenharia,3107.53,56
5561,TI,6174.85,40
5562,Engenharia,7367.29,55
5563,TI,8630.38,42
5564,Vendas,12692.01,41
5565,TI,7003.82,24
5566,Engenharia,4507.52,45
5567,RH,11506.32,45
5568,Vendas,13796.93,49
5569,Marketing,6116.98,21
5570,Engenharia,8664.53,40
5571,Vendas,11614.2,41
5572,TI,10153.87,57
5573,Marketing,9982.99,53
5574,Diretoria,9684.56,41
5575,Engenharia,9726.12,40
5576,Marketing,8338.68,33
5577,TI,5447.08,58
5578,TI,4186.45,39
5579,Vendas,5710.73,60
5580,Engenharia,5595.14,63
5581,TI,11333.13,45
5582,Diretoria,9717.42,25
5583,Marketing,12222.42,44
5584,Diretoria,10425.41,58
5585,Vendas,12195.15,54
5586,Marketing,12945.51,49
5587,Engenharia,13617.53,50
5588,Diretoria,10504.95,52
5589,Diretoria,7550.59,24
5590,TI,6523.76,36
5591,Engenharia,4839.62,53
5592,TI,3590.45,52
5593,RH,12987.28,27
5594,Vendas,7217.3,48
5595,Vendas,5292.34,60
5596,Diretoria,11455.19,63
5597,Marketing,8403.28,63
5598,Vendas,13290.88,30
5599,Engenharia,12728.39,37
5600,Engenharia,6669.55,35
5601,Marketing,11596.75,61
5602,Marketing,12485.72,48
5603,Vendas,10590.3,54
5604,Vendas,7847.84,47
5605,TI,3076.45,56
5606,Marketing,12152.12,39
5607,Marketing,7066.09,64
5608,Marketing,12523.38,37
5609,Marketing,3050.42,42
5610,RH,14824.73,64
5611,Vendas,10239.67,41
5612,Engenharia,4224.46,34
5613,Diretoria,10839.82,62
5614,Engenharia,9942.78,51
5615,RH,13168.61,26
5616,Diretoria,11918.47,36
5617,Engenharia,12605.6,46
5618,TI,3241.69,45
5619,Marketing,14508.82,35
5620,TI,13729.64,22
5621,Vendas,10597.46,50
5622,RH,8263.69,34
5623,Engenharia,5010.33,65
5624,Vendas,12068.98,35
5625,TI,5262.97,64
5626,TI,12021.26,27
5627,Diretoria,8621.74,50
5628,Engenharia,12928.81,62
5629,Vendas,10525.04,20
5630,RH,13827.59,51
5631,Vendas,7346.08,63
5632,Marketing,12691.29,44
5633,TI,5129.15,49
5634,Marketing,10819.5,30
5635,Engenharia,7477.22,56
5636,Vendas,13441.07,65
5637,Vendas,5574.07,25
5638,RH,5874.79,23
5639,Marketing,7564.78,45
5640,Marketing,12437.35,31
5641,RH,13191.08,33
5642,Marketing,14947.1,25
5643,RH,11703.01,65
5644,Diretoria,11509.06,65
5645,Diretoria,7030.34,27
5646,RH,11190.78,20
5647,Vendas,6335.5,38
5648,Diretoria,5224.25,37
5649,TI,6241.98,23
5650,Diretoria,14514.29,64
5651,Engenharia,6180.76,56
5652,Diretoria,13063.82,35
5653,Vendas,11706.75,42
5654,Marketing,5879.11,56
5655,Marketing,5374.09,32
5656,Marketing,8332.27,25
5657,Marketing,14114.16,63
5658,Vendas,10607.21,41
5659,TI,11266.72,52
5660,Vendas,4985.99,49
5661,Engenharia,3615.39,30
5662,Diretoria,6429.82,52
5663,Vendas,8265.25,48
5664,Diretoria,8418.37,23
5665,RH,7647.9,59
5666,TI,11975.56,53
5667,RH,11853.16,43
5668,Engenharia,12038.49,26
5669,RH,12907.42,29
5670,Engenharia,5504.27,40
5671,RH,3637.8,32
5672,Diretoria,5607.42,50
5673,TI,6034.35,65
5674,RH,11608.99,23
5675,Engenharia,10451.93,31
5676,RH,10058.59,39
5677,Engenharia,5798.7,29
5678,Marketing,7287.93,30
5679,TI,4542.67,57
5680,TI,9797.14,46
5681,RH,10602.14,38
5682,RH,10731.42,56
5683,Marketing,11533.54,61
5684,Marketing,10777.22,33
5685,Engenharia,7370.13,51
5686,Engenharia,10776.63,63
5687,Diretoria,13896.72,47
5688,Engenharia,9804.27,23
5689,Engenharia,8814.82,63
5690,Engenharia,6861.44,34
5691,RH,10190.75,47
5692,RH,3394.18,29
5693,Marketing,12200.84,44
5694,RH,5375.76,45
5695,RH,9355.13,38
5696,TI,14559.46,39
5697,TI,8922.68,58
5698,Marketing,11289.01,22
5699,Engenharia,5206.03,21
5700,Marketing,8429.56,50
5701,Vendas,5244.44,37
5702,Vendas,6948.29,50
5703,Diretoria,14823.98,34
5704,Diretoria,9537.66,44
5705,Diretoria,7141.8,61
5706,Engenharia,12426.91,47
5707,Diretoria,6379.97,58
5708,Engenharia,3902.66,26
5709,Engenharia,8794.49,41
5710,Engenharia,4099.52,23
5711,Diretoria,13086.94,47
5712,Engenharia,3678.23,41
5713,RH,13532.56,21
5714,Marketing,4234.4,34
5715,RH,13849.72,49
5716,Marketing,8936.03,28
5717,RH,12517.42,49
5718,Diretoria,14252.62,55
5719,Vendas,3880.29,64
5720,Vendas,7679.46,51
5721,RH,12528.44,63
5722,Engenharia,6717.34,57
5723,TI,7165.78,41
5724,Vendas,12680.63,50
5725,Diretoria,3794.94,56
5726,Engenharia,14506.01,39
5727,Marketing,5737.78,38
5728,Engenharia,11911.02,43
5729,Diretoria,6243.01,26
5730,Vendas,6808.95,33
5731,RH,3767.31,24
5732,RH,6370.2,34
5733,Marketing,4120.78,47
5734,RH,12055.86,27
5735,RH,6721.21,55
5736,Vendas,7837.47,52
5737,Vendas,12565.47,46
5738,Vendas,14922.02,55
5739,Diretoria,9290.37,61
5740,Diretoria,9277.74,32
5741,Marketing,9775.74,60
5742,Engenharia,11154.79,22
5743,TI,6316.45,35
5744,Vendas,11982.63,40
5745,TI,8244.97,47
5746,Marketing,4416.56,21
5747,Vendas,10079.7,56
5748,TI,8839.28,65
5749,TI,7679.68,20
5750,TI,13968.4,44
5751,Diretoria,8189.39,44
5752,Engenharia,6960.97,21
5753,Engenharia,5996.91,52
5754,TI,8138.46,56
5755,RH,11139.21,38
5756,Engenharia,6726.25,52
5757,Diretoria,3142.61,38
5758,RH,4691.42,29
5759,Vendas,8050.65,26
5760,Engenharia,12344.79,25
5761,Vendas,8953.59,37
5762,Marketing,8920.36,41
5763,Diretoria,7476.0,26
5764,Diretoria,11536.78,28
5765,Vendas,3025.93,36
5766,TI,13953.47,62
5767,Vendas,12273.64,26
5768,Engenharia,12522.31,23
5769,Marketing,6430.23,29
5770,RH,11596.0,55
5771,RH,14189.46,35
5772,TI,9915.14,51
5773,Vendas,11290.93,39
5774,Diretoria,4619.02,50
5775,Vendas,8805.89,33
5776,RH,14619.61,42
5777,Marketing,8439.13,21
5778,Vendas,6491.97,38
5779,Vendas,14191.49,56
5780,Vendas,10196.48,30
5781,Vendas,10359.54,60
5782,Marketing,13024.25,53
5783,RH,7870.53,28
5784,RH,9759.74,24
5785,Marketing,14658.26,22
5786,Vendas,13252.3,61
5787,Vendas,6847.25,37
5788,TI,9316.1,20
5789,Vendas,14731.42,43
5790,Diretoria,7332.56,64
5791,Marketing,5433.76,60
5792,Diretoria,5925.69,61
5793,Marketing,9796.85,27
5794,Marketing,4982.18,54
5795,Vendas,8051.19,49
5796,Diretoria,6644.39,59
5797,TI,10353.24,29
5798,RH,11834.58,64
5799,Vendas,6794.18,63
5800,RH,12526.88,62
5801,TI,10781.82,22
5802,TI,7096.22,32
5803,Marketing,10467.8,25
5804,Vendas,5599.78,44
5805,Engenharia,14881.55,46
5806,Marketing,3261.44,57
5807,Engenharia,8669.74,61
5808,TI,5052.63,20
5809,Marketing,12223.94,44
5810,Marketing,13246.26,32
5811,Marketing,10045.78,46
5812,Engenharia,10825.43,50
5813,TI,10725.8,49
5814,RH,9998.64,33
5815,Marketing,11378.38,26
5816,RH,10012.28,34
5817,Engenharia,6068.37,30
5818,RH,5395.79,51
5819,Marketing,3981.43,22
5820,Marketing,9203.92,35
5821,Marketing,13626.86,35
5822,Diretoria,6704.64,28
5823,Diretoria,4056.32,51
5824,Marketing,5926.09,45
5825,Engenharia,14743.27,59
5826,Vendas,8203.53,51
5827,Vendas,14525.81,44
5828,Diretoria,13418.78,62
5829,RH,5789.0,53
5830,Marketing,5587.92,21
5831,Diretoria,10674.71,25
5832,Vendas,5244.52,45
5833,Vendas,6170.73,44
5834,TI,8619.68,42
5835,Diretoria,14841.32,61
5836,RH,7748.73,31
5837,Vendas,5483.5,57
5838,Vendas,12732.16,30
5839,Engenharia,3071.69,23
5840,Marketing,4411.18,58
5841,Marketing,8986.67,29
5842,Vendas,8732.54,64
5843,RH,14077.56,62
5844,Marketing,9786.98,37
5845,Diretoria,7799.16,48
5846,Diretoria,12598.05,20
5847,Diretoria,6276.98,52
5848,Marketing,9261.56,28
5849,Diretoria,3742.0,23
5850,Engenharia,9778.19,48
5851,RH,9819.11,58
5852,Diretoria,14326.4,35
5853,Engenharia,10720.35,65
5854,RH,6632.13,31
5855,TI,14443.02,20
5856,Vendas,13208.46,24
5857,Engenharia,9536.07,35
5858,Marketing,5192.95,62
5859,Marketing,4545.3,31
5860,Engenharia,14186.66,25
5861,Vendas,5655.94,31
5862,Diretoria,6554.05,65
5863,Diretoria,10902.81,60
5864,Vendas,9426.15,61
5865,Diretoria,9363.96,55
5866,Marketing,10836.03,42
5867,Vendas,3973.27,51
5868,Diretoria,14403.65,24
5869,Diretoria,11589.49,30
5870,TI,6916.11,22
5871,Diretoria,5453.2,39
5872,Engenharia,10688.5,43
5873,TI,13221.92,47
5874,Vendas,14867.15,40
5875,Diretoria,8610.02,21
5876,Marketing,10502.74,65
5877,Marketing,13677.5,22
5878,Engenharia,13385.34,48
5879,TI,4266.31,43
5880,Diretoria,8931.2,41
5881,Diretoria,7906.73,34
5882,Engenharia,5287.31,25
5883,TI,11516.08,41
5884,Vendas,4068.23,32
5885,RH,12825.57,60
5886,Marketing,12534.94,52
5887,TI,11114.53,53
5888,Diretoria,13625.41,64
5889,Vendas,3198.38,49
5890,TI,14941.41,46
5891,Marketing,14756.31,36
5892,Engenharia,12163.3,65
5893,Vendas,12684.37,26
5894,TI,3405.91,41
5895,Marketing,13320.67,49
5896,TI,10107.64,27
5897,Marketing,10039.65,48
5898,Engenharia,12570.53,24
5899,Engenharia,10447.68,37
5900,Vendas,12968.98,21
5901,Diretoria,7191.32,48
5902,Vendas,4967.55,25
5903,Diretoria,11351.65,34
5904,TI,9430.84,59
5905,TI,8881.65,37
5906,RH,10863.61,49
5907,Diretoria,7482.65,57
5908,Vendas,14688.79,48
5909,Engenharia,5989.03,50
5910,Diretoria,8478.32,49
5911,RH,3136.98,52
5912,TI,13202.17,33
5913,Vendas,6144.14,60
5914,Engenharia,6733.94,52
5915,Vendas,9376.54,44
5916,Diretoria,10269.96,23
5917,Diretoria,7484.06,27
5918,TI,9809.79,37
5919,Diretoria,12822.48,35
5920,Engenharia,9681.52,22
5921,RH,11182.54,43
5922,Engenharia,14677.16,22
5923,RH,10218.7,59
5924,RH,14654.48,28
5925,Marketing,12173.36,40
5926,Diretoria,10037.04,24
5927,Marketing,6448.47,23
5928,Marketing,3644.22,42
5929,RH,9067.97,35
5930,Vendas,13111.82,22
5931,Marketing,6139.93,40
5932,Marketing,5672.15,61
5933,RH,14980.77,65
5934,Vendas,8003.73,35
5935,Vendas,5428.25,62
5936,Engenharia,12616.52,53
5937,Marketing,3240.24,44
5938,RH,4458.99,65
5939,RH,14951.73,55
5940,Vendas,6823.75,63
5941,Diretoria,14201.91,29
5942,Marketing,5284.84,65
5943,TI,11410.38,61
5944,Marketing,3505.7,36
5945,Engenharia,3106.59,65
5946,Diretoria,10533.43,54
5947,Diretoria,5760.16,61
5948,RH,7095.56,63
5949,Vendas,4699.14,51
5950,Marketing,6273.56,56
5951,RH,12964.67,28
5952,Diretoria,7050.46,58
5953,Engenharia,6549.11,36
5954,Diretoria,11492.59,37
5955,TI,8079.15,33
5956,Engenharia,14021.54,35
5957,Marketing,6575.37,46
5958,Diretoria,12852.98,64
5959,Diretoria,9158.42,26
5960,Engenharia,4685.78,26
5961,Vendas,13993.63,24
5962,TI,13865.42,47
5963,Engenharia,10861.09,28
5964,Marketing,8757.61,34
5965,Diretoria,13774.38,43
5966,RH,9431.31,49
5967,TI,4804.46,34
5968,Vendas,8267.9,61
5969,Marketing,11794.84,50
5970,TI,13253.22,55
5971,Diretoria,13795.64,52
5972,Vendas,3344.17,23
5973,Diretoria,6710.24,30
5974,RH,4528.34,52
5975,TI,3471.52,50
5976,RH,14595.96,41
5977,Marketing,13049.46,43
5978,Engenharia,3325.85,24
5979,Diretoria,6294.36,21
5980,RH,12815.21,59
5981,Diretoria,6920.26,32
5982,Vendas,9558.49,52
5983,TI,13654.84,47
5984,Marketing,7633.27,24
5985,Marketing,3943.21,42
5986,TI,14272.14,21
5987,Diretoria,11997.02,45
5988,Vendas,6039.06,56
5989,RH,9432.31,39
5990,Marketing,7558.39,43
5991,Marketing,3583.45,51
5992,TI,8369.93,54
5993,Vendas,8897.11,26
5994,Vendas,7395.86,45
5995,RH,13731.75,27
5996,Diretoria,3301.45,58
5997,TI,5275.56,26
5998,Marketing,10109.04,62
5999,Marketing,13137.78,57
6000,TI,12217.08,35
6001,Engenharia,4003.24,57
6002,RH,8435.61,46
6003,Vendas,6917.7,43
6004,Diretoria,14358.8,46
6005,Engenharia,10373.99,31
6006,RH,7966.88,21
6007,Vendas,3849.42,53
6008,Vendas,10325.93,32
6009,Diretoria,5019.48,51
6010,Engenharia,3502.73,64
6011,RH,5445.12,63
6012,Diretoria,13660.28,40
6013,RH,3006.91,42
6014,RH,6293.0,41
6015,Engenharia,4434.5,25
6016,TI,13144.5,53
6017,TI,14128.74,46
6018,Engenharia,7379.26,41
6019,Marketing,6830.0,58
6020,TI,3357.93,27
6021,Engenharia,10167.08,57
6022,RH,9707.97,25
6023,Marketing,3896.22,38
6024,TI,14042.1,31
6025,Engenharia,3127.95,24
6026,Engenharia,8847.75,56
6027,Engenharia,5884.5,40
6028,Marketing,7058.63,47
6029,Diretoria,4038.86,26
6030,Diretoria,4794.9,59
6031,TI,11194.37,64
6032,TI,7101.19,25
6033,RH,13162.95,35
6034,TI,12300.09,53
6035,Marketing,14120.98,30
6036,RH,12908.83,32
6037,Marketing,8271.79,39
6038,Diretoria,6593.36,23
6039,TI,5197.47,39
6040,TI,5509.08,32
6041,Marketing,4348.25,55
6042,Engenharia,3815.96,58
6043,Marketing,3223.61,32
6044,Engenharia,3217.89,37
6045,Engenharia,3258.31,23
6046,Engenharia,6063.31,54
6047,Marketing,10563.38,21
6048,Marketing,11103.21,32
6049,Engenharia,10725.15,28
6050,Vendas,13337.7,52
6051,Marketing,5133.7,56
6052,Marketing,14981.85,30
6053,TI,7781.46,42
6054,Vendas,12446.06,44
6055,TI,7864.75,32
6056,RH,10142.86,49
6057,RH,14254.73,23
6058,Diretoria,9291.6,54
6059,Marketing,11015.06,34
6060,TI,7032.1,61
6061,Marketing,3741.4,43
6062,Engenharia,6103.73,38
6063,Engenharia,3944.73,63
6064,Vendas,6474.9,44
6065,Marketing,11036.47,20
6066,Vendas,7219.05,40
6067,Diretoria,13912.75,55
6068,Vendas,10918.16,39
6069,TI,9946.42,51
6070,Diretoria,11110.91,31
6071,Engenharia,4533.94,24
6072,Engenharia,12555.58,37
6073,TI,3773.73,56
6074,Vendas,10167.35,56
6075,Diretoria,14350.35,37
6076,Vendas,11829.28,22
6077,Engenharia,11885.17,43
6078,TI,6011.43,48
6079,TI,3070.56,31
6080,Diretoria,10861.64,32
6081,RH,14420.62,51
6082,Vendas,8082.44,44
6083,Engenharia,14411.98,37
6084,Engenharia,13805.38,28
6085,Engenharia,4421.0,30
6086,TI,8468.22,31
6087,Vendas,5054.57,23
6088,Vendas,5764.15,20
6089,Engenharia,11795.75,47
6090,TI,6412.18,65
6091,Diretoria,10850.64,35
6092,Engenharia,12103.21,65
6093,Diretoria,5711.62,43
6094,Engenharia,10802.76,28
6095,Diretoria,6165.75,62
6096,Diretoria,8618.12,20
6097,Engenharia,7854.76,39
6098,Engenharia,3910.43,64
6099,TI,10430.33,58
6100,TI,12464.26,36
6101,Marketing,13022.81,52
6102,RH,14268.95,22
6103,TI,14241.58,24
6104,Marketing,5392.82,61
6105,Marketing,7021.53,34
6106,Marketing,8759.12,40
6107,Diretoria,11170.23,29
6108,Diretoria,13842.9,36
6109,RH,10269.59,60
6110,Marketing,8944.75,23
6111,TI,5334.64,30
6112,Diretoria,7292.28,54
6113,Marketing,7119.51,47
6114,Marketing,9394.73,45
6115,Marketing,13502.61,40
6116,Diretoria,13427.0,56
6117,RH,13947.82,61
6118,Marketing,12043.15,37
6119,RH,11476.37,36
6120,TI,5633.84,23
6121,Marketing,13678.01,46
6122,Vendas,5326.71,54
6123,RH,8493.31,30
6124,RH,8092.3,25
6125,RH,12955.74,62
6126,Engenharia,5745.54,23
6127,Marketing,12576.29,28
6128,TI,8642.06,35
6129,TI,7889.42,44
6130,Marketing,4089.07,63
6131,RH,8547.63,54
6132,Vendas,9770.46,63
6133,Diretoria,6597.99,34
6134,Vendas,6785.45,56
6135,Vendas,6549.84,21
6136,RH,8878.73,43
6137,Engenharia,3288.53,28
6138,Vendas,10443.8,56
6139,Engenharia,10890.32,32
6140,Diretoria,8958.07,53
6141,Vendas,4130.01,42
6142,Vendas,7357.62,49
6143,Marketing,12502.78,40
6144,Diretoria,12662.22,38
6145,Diretoria,14720.86,25
6146,TI,8857.08,49
6147,Engenharia,5288.27,46
6148,Diretoria,6334.88,25
6149,Marketing,13398.24,65
6150,Engenharia,5600.96,39
6151,RH,7691.25,34
6152,Vendas,13110.29,41
6153,RH,3022.21,22
6154,Vendas,4868.99,57
6155,TI,7964.67,49
6156,Diretoria,4552.58,50
6157,Engenharia,13301.84,30
6158,Diretoria,5766.84,36
6159,Marketing,10821.6,29
6160,Marketing,10383.65,25
6161,RH,7202.59,32
6162,Engenharia,6894.15,49
6163,Diretoria,7315.18,29
6164,Diretoria,11703.01,61
6165,Diretoria,13425.73,55
6166,RH,13094.9,33
6167,TI,9243.02,25
6168,Vendas,14237.06,27
6169,TI,5346.57,62
6170,Marketing,13319.61,35
6171,Vendas,5567.96,41
6172,Marketing,5784.79,53
6173,Diretoria,10367.24,51
6174,Vendas,12216.96,50
6175,Diretoria,12461.4,50
6176,TI,13876.29,59
6177,Vendas,9195.11,62
6178,TI,14378.19,46
6179,Engenharia,14005.34,31
6180,Vendas,11224.71,64
6181,RH,5254.89,38
6182,RH,13465.73,40
6183,Diretoria,4077.76,24
6184,Diretoria,11916.95,48
6185,RH,14062.66,27
6186,Diretoria,10126.08,56
6187,RH,6902.15,60
6188,Diretoria,11026.96,26
6189,Vendas,7361.11,59
6190,Diretoria,12613.58,40
6191,TI,5293.8,53
6192,Vendas,12450.46,51
6193,Engenharia,5042.56,62
6194,TI,14930.39,30
6195,Marketing,4388.68,42
6196,Vendas,10142.16,60
6197,Vendas,8987.66,49
6198,Marketing,12817.68,53
6199,RH,10024.32,20
6200,Engenharia,10339.2,54
6201,Vendas,12734.55,55
6202,RH,14279.53,23
6203,RH,9147.96,53
6204,Marketing,13932.6,41
6205,Marketing,10353.54,42
6206,Vendas,6535.56,28
6207,Vendas,10602.66,60
6208,Marketing,6868.79,35
6209,Diretoria,10485.56,24
6210,Engenharia,3310.93,21
6211,RH,3410.9,46
6212,Marketing,7976.39,55
6213,TI,14146.06,42
6214,Vendas,10761.35,30
6215,Diretoria,7006.59,39
6216,Vendas,12762.82,60
6217,Engenharia,8694.01,44
6218,Diretoria,9554.77,20
6219,Vendas,5082.93,27
6220,RH,13901.9,31
6221,TI,5825.41,31
6222,Vendas,12988.94,26
6223,Diretoria,8308.9,41
6224,Vendas,10816.86,65
6225,Diretoria,13294.07,58
6226,Engenharia,14856.59,62
6227,Marketing,4942.93,54
6228,Engenharia,8701.18,28
6229,TI,7603.13,42
6230,Diretoria,8586.06,60
6231,Engenharia,14205.63,21
6232,Vendas,10892.05,59
6233,RH,14402.24,63
6234,Marketing,9047.24,25
6235,Diretoria,9608.57,42
6236,RH,6344.12,37
6237,Engenharia,8058.99,57
6238,Diretoria,6356.73,37
6239,Marketing,5198.57,25
6240,Marketing,12120.41,34
6241,Engenharia,10359.78,36
6242,Marketing,7917.04,20
6243,Diretoria,13585.12,25
6244,Engenharia,11258.67,48
6245,Engenharia,12465.5,57
6246,TI,11162.35,31
6247,Diretoria,4956.99,57
6248,RH,8399.9,26
6249,Diretoria,13069.12,64
6250,Engenharia,7792.65,64
6251,Diretoria,10995.11,38
6252,Marketing,8635.31,65
6253,Diretoria,11185.9,43
6254,TI,14286.93,60
6255,Engenharia,4421.07,20
6256,Engenharia,13364.95,35
6257,RH,10415.53,44
6258,Vendas,6681.65,58
6259,Diretoria,14916.59,23
6260,TI,3321.68,46
6261,Diretoria,11638.02,46
6262,Marketing,4660.12,23
6263,Diretoria,11071.7,64
6264,Vendas,6663.11,58
6265,TI,13674.29,50
6266,TI,6329.32,29
6267,Marketing,12918.8,56
6268,Marketing,3062.27,43
6269,Vendas,14426.71,20
6270,TI,12521.76,28
6271,Vendas,3859.36,22
6272,TI,4814.79,50
6273,TI,12015.07,46
6274,RH,13415.11,55
6275,Engenharia,12246.59,49
6276,RH,5959.85,24
6277,RH,4529.88,59
6278,TI,14118.4,55
6279,Engenharia,5605.27,64
6280,Marketing,11909.25,43
6281,Engenharia,5125.48,53
6282,Engenharia,13141.2,52
6283,Marketing,3207.6,20
6284,Engenharia,4899.46,64
6285,Engenharia,3965.35,22
6286,Vendas,12770.56,51
6287,Diretoria,12777.92,63
6288,Diretoria,14080.42,46
6289,Vendas,5752.22,46
6290,Engenharia,9133.04,62
6291,RH,6296.59,62
6292,Vendas,8504.79,53
6293,Vendas,14946.87,29
6294,Marketing,9277.16,48
6295,RH,9994.38,32
6296,Engenharia,11652.25,45
6297,Vendas,6463.77,27
6298,Diretoria,13587.82,52
6299,Engenharia,14587.82,58
6300,TI,3609.11,33
6301,Diretoria,5748.7,41
6302,TI,13540.31,47
6303,Diretoria,11661.02,34
6304,Marketing,7811.18,37
6305,Vendas,3001.61,26
6306,Diretoria,9095.52,26
6307,Vendas,12645.55,47
6308,Vendas,4752.03,63
6309,Diretoria,7087.88,56
6310,Vendas,10151.39,36
6311,TI,6794.24,47
6312,Engenharia,3906.49,45
6313,TI,4152.47,52
6314,RH,10990.21,21
6315,RH,13266.27,40
6316,TI,14750.24,41
6317,Engenharia,3899.09,49
6318,Marketing,10228.59,24
6319,RH,6763.36,54
6320,Vendas,11888.88,48
6321,RH,4038.15,58
6322,RH,12319.76,62
6323,Vendas,10830.42,20
6324,RH,6256.24,52
6325,Vendas,5011.27,61
6326,TI,10428.85,59
6327,Diretoria,14894.79,64
6328,Diretoria,9345.02,32
6329,Engenharia,8090.18,27
6330,Diretoria,6100.31,25
6331,TI,14920.62,39
6332,RH,13274.75,20
6333,RH,11075.23,50
6334,Marketing,6346.05,36
6335,Diretoria,10010.5,22
6336,TI,12588.04,23
6337,RH,7939.1,23
6338,TI,10716.38,35
6339,RH,7960.36,36
6340,Vendas,11333.19,48
6341,Marketing,7985.73,64
6342,Marketing,6994.84,35
6343,RH,4695.12,61
6344,Engenharia,3853.62,45
6345,Vendas,4062.32,47
6346,Diretoria,8778.24,53
6347,Diretoria,8121.09,65
6348,RH,8078.19,49
6349,Diretoria,9616.81,46
6350,Marketing,7984.6,57
6351,Marketing,7980.05,35
6352,Engenharia,7518.27,20
6353,Marketing,9034.27,58
6354,Engenharia,3841.24,43
6355,Diretoria,13463.88,45
6356,Marketing,7395.08,31
6357,RH,8318.39,44
6358,Marketing,6884.4,49
6359,Vendas,12596.92,39
6360,Diretoria,3290.4,47
6361,Diretoria,9481.04,26
6362,Engenharia,13101.75,62
6363,Engenharia,4475.61,60
6364,Vendas,3993.83,56
6365,Vendas,11663.8,24
6366,RH,3146.68,44
6367,TI,3990.92,32
6368,TI,9973.77,21
6369,Vendas,7795.03,64
6370,Diretoria,14257.39,21
6371,Engenharia,10490.58,29
6372,Engenharia,10886.86,55
6373,Engenharia,12593.74,23
6374,Marketing,4486.03,40
6375,Engenharia,6636.28,64
6376,TI,3971.09,35
6377,Diretoria,7927.16,42
6378,TI,3180.13,43
6379,Engenharia,5495.89,26
6380,RH,8504.69,63
6381,TI,14688.83,21
6382,RH,7132.76,61
6383,RH,14734.36,26
6384,Diretoria,13348.32,45
6385,RH,10629.72,56
6386,Vendas,7717.04,45
6387,Marketing,14830.92,55
6388,TI,10887.56,64
6389,Vendas,7015.11,43
6390,RH,4771.37,51
6391,Vendas,13016.28,35
6392,Vendas,8687.21,51
6393,Marketing,9739.43,53
6394,Engenharia,6102.52,46
6395,Engenharia,11809.99,28
6396,TI,13217.62,42
6397,RH,7117.62,38
6398,Marketing,10039.77,55
6399,Engenharia,14405.7,62
6400,Vendas,3615.59,43
6401,Engenharia,5164.06,25
6402,Engenharia,12953.91,26
6403,RH,11517.67,48
6404,Marketing,14455.94,28
6405,Marketing,5599.12,42
6406,Marketing,14061.67,65
6407,Diretoria,13886.46,48
6408,Engenharia,3826.12,61
6409,TI,6005.48,31
6410,RH,11838.05,20
6411,Engenharia,11551.07,42
6412,Vendas,13969.76,61
6413,Diretoria,7416.76,63
6414,Vendas,11029.38,50
6415,Vendas,8542.33,43
6416,Engenharia,10560.73,60
6417,RH,11436.15,64
6418,Engenharia,5107.2,37
6419,Engenharia,5819.54,22
6420,TI,11161.05,36
6421,Marketing,3356.35,51
6422,Marketing,13927.09,47
6423,Marketing,9625.77,21
6424,RH,11367.57,52
6425,Marketing,8108.19,30
6426,Marketing,9091.19,38
6427,Marketing,9680.53,46
6428,Engenharia,10255.47,22
6429,Vendas,14059.86,41
6430,Diretoria,13333.84,39
6431,TI,6702.88,28
6432,Marketing,3126.04,52
6433,Engenharia,8786.07,46
6434,TI,4690.58,22
6435,TI,13709.74,31
6436,Marketing,9198.81,53
6437,TI,7129.86,56
6438,TI,10354.05,30
6439,Diretoria,12382.25,40
6440,RH,13120.64,55
6441,TI,6758.42,33
6442,TI,14833.91,49
6443,RH,13728.95,52
6444,TI,7690.64,62
6445,Engenharia,4552.15,41
6446,RH,6367.69,52
6447,Diretoria,3478.09,22
6448,Marketing,9656.55,54
6449,Marketing,5686.47,23
6450,TI,8614.05,56
6451,Vendas,12510.64,20
6452,Vendas,14200.01,41
6453,Vendas,4728.13,44
6454,Vendas,3529.08,58
6455,Engenharia,4551.16,25
6456,Engenharia,8683.52,46
6457,TI,14623.8,46
6458,Marketing,11795.43,41
6459,Diretoria,3897.06,52
6460,Vendas,10778.67,22
6461,RH,3023.98,51
6462,Diretoria,5021.36,59
6463,TI,14288.45,27
6464,Marketing,14703.03,53
6465,Marketing,4363.48,27
6466,TI,11430.2,39
6467,TI,3617.21,27
6468,Marketing,5010.9,36
6469,RH,5242.42,60
6470,Marketing,11811.75,26
6471,Diretoria,7890.75,41
6472,Vendas,4039.84,55
6473,Marketing,10073.05,30
6474,RH,8660.98,44
6475,TI,6830.37,62
6476,Engenharia,12045.13,24
6477,TI,4708.68,46
6478,Engenharia,9284.55,38
6479,RH,3076.42,43
6480,Marketing,3683.98,43
6481,Engenharia,10270.25,44
6482,Engenharia,6360.76,29
6483,TI,9165.94,55
6484,Marketing,5467.56,21
6485,Vendas,4100.91,49
6486,Diretoria,11583.35,61
6487,Marketing,9172.08,35
6488,Diretoria,3704.21,53
6489,Vendas,5649.89,45
6490,RH,5501.89,47
6491,Vendas,7529.16,34
6492,TI,13668.79,61
6493,TI,5285.97,28
6494,Vendas,6165.87,28
6495,Vendas,11348.53,59
6496,RH,4563.81,52
6497,Diretoria,11580.78,24
6498,Vendas,3355.85,56
6499,Engenharia,14500.02,29
6500,Vendas,13378.94,38
6501,Marketing,13064.31,25
6502,Marketing,4239.84,49
6503,Vendas,11115.51,25
6504,RH,6328.8,25
6505,Vendas,14509.28,25
6506,Vendas,7409.1,38
6507,TI,12849.66,38
6508,Engenharia,7724.55,29
6509,Engenharia,13010.9,25
6510,TI,12984.85,21
6511,Vendas,14533.89,24
6512,Engenharia,6370.95,39
6513,Engenharia,3192.91,43
6514,TI,13566.11,43
6515,RH,8716.88,42
6516,Engenharia,9314.26,50
6517,RH,6959.21,30
6518,Vendas,6768.4,46
6519,TI,14245.68,53
6520,Marketing,8801.44,44
6521,Marketing,9110.84,47
6522,Vendas,5316.04,21
6523,RH,6975.1,25
6524,Diretoria,7769.95,24
6525,Vendas,5341.6,20
6526,TI,7942.8,61
6527,Engenharia,7136.49,38
6528,Marketing,12188.33,35
6529,RH,10914.04,43
6530,RH,4124.17,35
6531,Diretoria,8043.11,62
6532,Engenharia,8534.11,22
6533,Engenharia,8764.92,54
6534,Vendas,3227.88,49
6535,Marketing,7076.83,49
6536,RH,7997.19,26
6537,Vendas,5240.42,27
6538,Diretoria,12135.41,22
6539,Vendas,5321.3,46
6540,Diretoria,4665.29,43
6541,Vendas,9210.42,23
6542,Marketing,14393.24,22
6543,RH,13901.67,44
6544,RH,10253.96,28
6545,RH,13336.77,63
6546,Vendas,14693.31,63
6547,Engenharia,12308.41,34
6548,TI,13141.64,28
6549,TI,3862.42,64
6550,Diretoria,14909.54,41
6551,TI,5311.76,38
6552,Vendas,8206.6,41
6553,Vendas,9735.91,39
6554,Engenharia,3438.73,42
6555,TI,7704.23,31
6556,Engenharia,12322.21,23
6557,Marketing,9803.01,61
6558,Vendas,13673.24,28
6559,Diretoria,12561.27,63
6560,Diretoria,14622.5,28
6561,RH,11162.63,24
6562,Engenharia,9395.5,59
6563,Marketing,7484.82,35
6564,Engenharia,10534.66,60
6565,Engenharia,9500.52,26
6566,Vendas,12170.4,50
6567,TI,11612.89,44
6568,Marketing,10607.35,63
6569,Marketing,14764.01,38
6570,Vendas,7304.91,64
6571,Diretoria,3616.01,49
6572,Engenharia,11971.73,44
6573,Vendas,6790.78,40
6574,Diretoria,10405.93,56
6575,Engenharia,6314.98,23
6576,Marketing,4900.83,60
6577,RH,8435.47,26
6578,Marketing,12031.53,40
6579,TI,5299.25,41
6580,Marketing,8193.68,39
6581,Marketing,5132.79,42
6582,Engenharia,14063.09,65
6583,Diretoria,9416.3,64
6584,Marketing,9354.72,28
6585,Engenharia,8989.73,64
6586,Engenharia,5936.17,28
6587,RH,11554.46,53
6588,Marketing,3099.99,31
6589,TI,3601.59,29
6590,Diretoria,7298.08,39
6591,Marketing,9847.08,44
6592,Marketing,13099.08,55
6593,Marketing,3476.9,26
6594,Vendas,11543.7,27
6595,Diretoria,4367.88,50
6596,RH,13900.41,54
6597,Diretoria,13181.38,59
6598,Marketing,13017.93,38
6599,Vendas,5687.68,58
6600,Engenharia,3750.54,26
6601,Marketing,7936.55,59
6602,Marketing,4383.07,34
6603,Marketing,4036.53,40
6604,Marketing,7342.16,28
6605,Vendas,8950.73,56
6606,Marketing,8389.59,33
6607,TI,14724.36,42
6608,TI,8478.92,40
6609,RH,14118.67,44
6610,Diretoria,6252.29,50
6611,TI,14270.05,28
6612,Diretoria,9845.18,25
6613,Marketing,11791.64,42
6614,Diretoria,9452.99,29
6615,Marketing,10421.51,43
6616,Diretoria,12402.42,24
6617,Diretoria,7766.05,47
6618,Vendas,11904.94,22
6619,Diretoria,12882.3,50
6620,TI,4367.03,43
6621,RH,14513.3,37
6622,Diretoria,8741.49,65
6623,Engenharia,6433.54,63
6624,Diretoria,8370.08,48
6625,TI,6010.38,55
6626,Vendas,14655.77,63
6627,RH,12189.23,56
6628,RH,4782.29,23
6629,Diretoria,9472.02,30
6630,Marketing,7087.37,35
6631,Marketing,7557.21,50
6632,Marketing,4326.86,32
6633,Vendas,6245.3,59
6634,Marketing,5087.51,36
6635,RH,8321.33,50
6636,Engenharia,11974.95,59
6637,Marketing,13663.75,60
6638,Engenharia,9546.68,28
6639,RH,3730.11,47
6640,Diretoria,8655.66,22
6641,Engenharia,12234.75,34
6642,TI,13113.29,46
6643,Vendas,6920.18,20
6644,TI,5520.89,59
6645,Engenharia,5438.25,59
6646,Diretoria,4914.42,50
6647,Engenharia,14317.11,48
6648,Engenharia,4835.06,27
6649,Diretoria,9163.72,51
6650,RH,5251.79,33
6651,Diretoria,3600.17,36
6652,Engenharia,8301.62,28
6653,Diretoria,8526.55,23
6654,Vendas,3955.64,29
6655,Marketing,8878.62,44
6656,Engenharia,7392.25,62
6657,TI,5681.72,36
6658,Vendas,12462.2,44
6659,Engenharia,4166.16,58
6660,RH,11260.46,62
6661,Vendas,14099.3,56
6662,Marketing,12173.26,39
6663,Vendas,13993.52,63
6664,RH,5915.14,22
6665,Diretoria,7719.37,64
6666,Engenharia,6341.28,63
6667,Diretoria,6114.07,37
6668,Diretoria,10104.74,53
6669,Marketing,6857.31,27
6670,Vendas,7438.74,31
6671,RH,9238.64,44
6672,TI,3332.34,54
6673,TI,4291.57,55
6674,Diretoria,12493.3,42
6675,Diretoria,14577.07,22
6676,RH,9395.92,31
6677,Vendas,10399.59,34
6678,Vendas,6779.97,60
6679,TI,12154.23,61
6680,Engenharia,4503.38,43
6681,Engenharia,8216.74,23
6682,Marketing,14312.12,45
6683,TI,9974.31,29
6684,Engenharia,9936.89,50
6685,Engenharia,8917.38,60
6686,Marketing,5485.02,45
6687,Diretoria,8378.36,55
6688,RH,3452.81,44
6689,Diretoria,14082.47,35
6690,RH,14301.65,27
6691,Diretoria,13794.35,59
6692,RH,10653.29,35
6693,Engenharia,13001.0,37
6694,Vendas,8894.25,62
6695,TI,3437.18,58
6696,Marketing,6895.7,42
6697,Diretoria,10847.82,48
6698,Engenharia,13481.15,46
6699,Engenharia,11481.13,38
6700,Marketing,5190.95,28
6701,Vendas,7857.72,58
6702,Marketing,7090.89,25
6703,Engenharia,9368.94,52
6704,Diretoria,13331.08,52
6705,Engenharia,7850.42,50
6706,Vendas,4270.97,40
6707,RH,11253.26,61
6708,Diretoria,4784.17,22
6709,Vendas,3863.16,58
6710,RH,4104.16,38
6711,Vendas,8753.49,43
6712,Marketing,8355.26,65
6713,Engenharia,13248.12,58
6714,RH,11042.26,57
6715,TI,8630.67,43
6716,Vendas,9335.36,54
6717,TI,6936.05,65
6718,Diretoria,13561.58,56
6719,TI,9043.83,33
6720,Engenharia,9422.3,28
6721,RH,3595.57,49
6722,Marketing,14211.65,33
6723,RH,13846.72,61
6724,Engenharia,13964.85,52
6725,Engenharia,11398.3,56
6726,Diretoria,13979.59,64
6727,Vendas,6907.24,59
6728,TI,11886.0,47
6729,TI,13902.51,48
6730,Vendas,8347.4,46
6731,Vendas,9190.88,36
6732,Vendas,9226.08,24
6733,Engenharia,3430.74,36
6734,Vendas,12445.94,21
6735,Diretoria,9861.51,48
6736,Diretoria,13168.09,22
6737,TI,11803.35,62
6738,Diretoria,10347.47,56
6739,RH,13377.9,65
6740,Vendas,3176.31,28
6741,RH,13483.4,55
6742,Engenharia,12129.47,61
6743,TI,6118.18,55
6744,Diretoria,11073.4,39
6745,Engenharia,10226.24,62
6746,Engenharia,9809.1,35
6747,TI,7319.32,46
6748,Vendas,8003.66,26
6749,Vendas,3025.99,36
6750,Engenharia,11453.22,23
6751,Marketing,14302.2,30
6752,Engenharia,4643.06,48
6753,Vendas,10075.85,58
6754,Marketing,10010.04,36
6755,Marketing,10302.33,50
6756,Diretoria,11348.27,46
6757,Diretoria,12070.72,30
6758,Vendas,11030.31,36
6759,Vendas,3646.3,29
6760,Marketing,8264.0,59
6761,TI,6003.51,42
6762,Engenharia,8969.14,28
6763,Diretoria,7859.74,43
6764,Marketing,7236.06,65
6765,Engenharia,5822.44,31
6766,Marketing,14785.48,42
6767,Engenharia,14922.8,65
6768,Vendas,12734.33,30
6769,Diretoria,14211.92,52
6770,Diretoria,14036.1,34
6771,TI,12281.95,32
6772,Engenharia,6687.75,20
6773,Engenharia,11121.5,50
6774,Vendas,5104.29,65
6775,Marketing,13726.11,52
6776,Marketing,6043.18,40
6777,Vendas,13185.1,32
6778,RH,10852.74,24
6779,Vendas,6914.1,33
6780,RH,6355.68,59
6781,Engenharia,6463.61,47
6782,Vendas,6793.77,60
6783,TI,10949.38,26
6784,RH,7992.22,60
6785,Vendas,9353.36,43
6786,Marketing,4510.91,40
6787,Vendas,9760.44,56
6788,RH,7097.01,54
6789,Diretoria,5470.58,46
6790,TI,4618.42,62
6791,Diretoria,4076.72,38
6792,Marketing,4727.61,36
6793,TI,11250.71,35
6794,Engenharia,4179.13,45
6795,Marketing,3145.98,52
6796,Vendas,7726.18,57
6797,TI,13456.75,22
6798,Vendas,10418.31,43
6799,Diretoria,8667.76,23
6800,Vendas,13078.58,33
6801,Diretoria,4652.91,47
6802,RH,13132.72,41
6803,TI,14188.78,45
6804,Diretoria,12521.2,20
6805,TI,6357.31,26
6806,Marketing,12502.33,22
6807,Engenharia,10623.86,58
6808,Diretoria,4198.25,40
6809,Marketing,9951.29,23
6810,Marketing,4066.32,44
6811,TI,7355.37,65
6812,Vendas,6558.02,28
6813,Marketing,13482.69,48
6814,Vendas,11160.58,20
6815,Vendas,9342.57,27
6816,Engenharia,8292.86,35
6817,RH,3854.85,47
6818,TI,9854.81,36
6819,Engenharia,7882.53,34
6820,Engenharia,6721.65,59
6821,Marketing,3717.41,54
6822,Engenharia,5220.97,31
6823,Marketing,14915.42,21
6824,Vendas,4811.82,51
6825,TI,3636.96,58
6826,Vendas,4633.11,44
6827,Marketing,11152.5,25
6828,TI,5315.43,37
6829,Vendas,10268.49,25
6830,Marketing,5991.35,60
6831,TI,10939.06,57
6832,RH,3313.69,51
6833,Marketing,6799.33,36
6834,Diretoria,4975.35,33
6835,Diretoria,7825.67,43
6836,Marketing,6867.91,63
6837,Engenharia,11835.4,51
6838,Engenharia,8322.95,44
6839,Vendas,10276.09,65
6840,Engenharia,8498.64,65
6841,Engenharia,7137.45,23
6842,Vendas,9680.01,64
6843,Diretoria,12326.98,47
6844,Vendas,9074.86,26
6845,TI,11843.67,40
6846,Diretoria,9372.1,46
6847,Diretoria,3437.95,61
6848,Engenharia,11311.27,58
6849,Vendas,12514.59,54
6850,RH,13995.9,63
6851,Diretoria,12389.86,25
6852,Vendas,10296.26,58
6853,Vendas,5908.71,20
6854,RH,9976.07,31
6855,Marketing,11817.1,59
6856,Marketing,13554.78,23
6857,Diretoria,7237.26,51
6858,Engenharia,11416.33,46
6859,RH,5198.19,59
6860,RH,6559.5,26
6861,Vendas,14025.38,59
6862,Vendas,9272.09,61
6863,Diretoria,9336.39,50
6864,Vendas,10141.48,65
6865,Engenharia,5464.44,39
6866,Diretoria,8081.16,60
6867,Vendas,3209.55,25
6868,Engenharia,7224.38,45
6869,TI,10251.93,40
6870,TI,10368.11,34
6871,Engenharia,6214.02,23
6872,Diretoria,7939.61,49
6873,Diretoria,8721.17,64
6874,RH,9790.91,38
6875,Diretoria,6084.29,54
6876,RH,8776.78,56
6877,Engenharia,10142.42,63
6878,Vendas,11231.73,58
6879,Engenharia,13484.43,30
6880,Engenharia,5028.76,31
6881,TI,8793.08,50
6882,RH,13945.34,45
6883,TI,6578.65,49
6884,RH,10181.41,32
6885,RH,4760.63,29
6886,Vendas,14882.46,39
6887,Diretoria,3015.87,48
6888,TI,7775.08,45
6889,Engenharia,13900.26,33
6890,RH,9120.7,22
6891,Diretoria,6809.59,36
6892,Engenharia,10003.06,45
6893,TI,7811.89,44
6894,Vendas,4969.16,61
6895,Marketing,3277.23,53
6896,Engenharia,8367.02,38
6897,Diretoria,11654.49,38
6898,TI,6538.97,49
6899,Vendas,14281.34,34
6900,Engenharia,14998.12,43
6901,Marketing,7614.92,64
6902,Diretoria,3069.0,35
6903,TI,13350.16,31
6904,Diretoria,6298.31,42
6905,Engenharia,11418.51,38
6906,Engenharia,3110.66,39
6907,Vendas,3933.89,49
6908,Diretoria,3310.29,33
6909,Diretoria,9052.56,52
6910,Diretoria,4894.77,43
6911,Marketing,5747.72,25
6912,Vendas,10531.44,55
6913,Diretoria,6135.71,23
6914,Vendas,12059.61,52
6915,TI,5102.67,62
6916,RH,3998.32,35
6917,Marketing,14144.85,49
6918,Marketing,9358.38,49
6919,Engenharia,4147.97,43
6920,Marketing,9232.5,29
6921,TI,7843.46,62
6922,Marketing,6719.77,51
6923,Vendas,8237.75,24
6924,Marketing,11688.73,28
6925,Marketing,11941.26,34
6926,Vendas,4271.48,25
6927,Vendas,7440.01,22
6928,Vendas,7658.46,62
6929,RH,14575.94,48
6930,Marketing,13934.55,45
6931,Marketing,11956.75,63
6932,Diretoria,14230.76,31
6933,Vendas,8926.75,24
6934,Vendas,7429.28,24
6935,Diretoria,14105.6,26
6936,Engenharia,14787.36,30
6937,TI,10383.83,50
6938,RH,11247.02,22
6939,Diretoria,7228.53,22
6940,Vendas,12920.21,43
6941,Diretoria,12272.58,60
6942,Vendas,10824.86,56
6943,RH,9208.58,46
6944,Marketing,13504.52,20
6945,Diretoria,8028.19,52
6946,TI,5185.2,36
6947,Vendas,7031.33,20
6948,Vendas,11434.65,57
6949,Engenharia,12537.81,38
6950,Engenharia,14665.24,39
6951,RH,3471.87,49
6952,RH,12458.15,30
6953,Diretoria,5125.78,62
6954,TI,8604.92,49
6955,Vendas,14686.23,47
6956,Vendas,9333.96,43
6957,Engenharia,6090.43,49
6958,RH,10073.14,57
6959,Engenharia,14231.28,37
6960,Vendas,4524.14,46
6961,Diretoria,3790.17,61
6962,TI,6910.78,55
6963,Diretoria,14403.47,40
6964,Diretoria,9221.33,45
6965,Diretoria,5987.5,47
6966,Marketing,12906.42,58
6967,Vendas,6159.36,41
6968,RH,14231.46,40
6969,TI,6569.63,42
6970,Diretoria,12218.01,23
6971,RH,6016.23,44
6972,Diretoria,8966.53,43
6973,Engenharia,11187.08,28
6974,Engenharia,12553.08,46
6975,Diretoria,14173.51,56
6976,Marketing,4513.65,39
6977,Marketing,12277.22,26
6978,Marketing,10240.37,30
6979,Vendas,9549.74,46
6980,Engenharia,8384.44,62
6981,Vendas,6166.89,26
6982,TI,10410.74,48
6983,Engenharia,6234.0,65
6984,TI,13092.28,38
6985,RH,11228.42,44
6986,RH,7030.38,33
6987,Engenharia,12125.55,43
6988,Marketing,8549.58,43
6989,Vendas,8353.12,47
6990,Diretoria,4637.75,61
6991,Diretoria,12861.7,40
6992,Diretoria,3204.55,54
6993,Engenharia,13287.8,22
6994,Marketing,3098.86,21
6995,Marketing,14377.0,25
6996,Engenharia,7515.79,64
6997,Vendas,14960.84,34
6998,TI,10001.21,35
6999,RH,4842.6,24
7000,Engenharia,7743.56,65
7001,Marketing,13528.58,24
7002,Engenharia,7523.44,59
7003,TI,5884.31,63
7004,Vendas,10962.82,22
7005,Vendas,5471.44,54
7006,Marketing,9196.13,40
7007,Vendas,8666.32,57
7008,TI,7545.01,58
7009,Vendas,9223.88,37
7010,TI,4378.95,54
7011,Marketing,13107.44,65
7012,Marketing,10418.77,27
7013,RH,3997.21,20
7014,RH,13695.21,50
7015,Engenharia,6164.75,64
7016,RH,5371.72,40
7017,Engenharia,14650.86,55
7018,RH,9665.42,43
7019,Vendas,5392.47,46
7020,TI,12634.74,59
7021,Vendas,11391.54,26
7022,Vendas,7074.69,53
7023,TI,6134.52,30
7024,RH,4974.63,62
7025,Engenharia,12892.91,37
7026,TI,9139.94,44
7027,TI,6987.48,32
7028,Diretoria,5145.6,23
7029,Vendas,6471.17,59
7030,Marketing,14688.82,40
7031,Marketing,10360.82,25
7032,Engenharia,11333.31,20
7033,Engenharia,10351.83,37
7034,RH,9394.15,60
7035,Marketing,11621.05,64
7036,Vendas,7595.16,46
7037,TI,8454.67,23
7038,Diretoria,13102.67,42
7039,Marketing,3283.22,44
7040,Diretoria,5590.8,54
7041,Diretoria,12554.24,58
7042,Engenharia,8557.28,40
7043,Diretoria,9504.8,44
7044,RH,6225.81,54
7045,Diretoria,14141.79,52
7046,Diretoria,10582.34,48
7047,Marketing,10157.96,62
7048,Marketing,3255.18,60
7049,Marketing,3537.04,48
7050,Vendas,12800.88,52
7051,Diretoria,11975.91,37
7052,Marketing,8769.27,57
7053,Vendas,7471.68,54
7054,Marketing,5038.09,56
7055,Vendas,14635.6,33
7056,TI,7581.02,42
7057,TI,6980.17,57
7058,TI,7773.74,41
7059,RH,3629.14,65
7060,Engenharia,12020.34,39
7061,TI,7426.66,23
7062,Diretoria,8248.08,54
7063,TI,14120.55,64
7064,Marketing,12173.68,61
7065,Diretoria,4170.32,32
7066,Diretoria,13869.64,26
7067,Vendas,6393.1,48
7068,TI,9918.05,56
7069,TI,7699.03,22
7070,TI,10800.65,53
7071,Marketing,3989.11,22
7072,Engenharia,8353.22,30
7073,Diretoria,14469.16,41
7074,Vendas,13353.86,58
7075,Diretoria,9259.96,22
7076,Diretoria,11013.99,36
7077,Vendas,3928.25,48
7078,RH,6987.9,27
7079,Diretoria,9456.24,42
7080,Diretoria,5134.88,58
7081,Diretoria,8890.52,41
7082,Engenharia,14678.18,26
7083,Engenharia,6858.27,33
7084,Diretoria,5777.56,52
7085,Engenharia,11834.58,35
7086,Engenharia,7817.92,35
7087,Engenharia,3396.84,53
7088,TI,8276.98,49
7089,Marketing,4959.66,38
7090,RH,6665.32,39
7091,Marketing,14026.5,61
7092,RH,4788.34,38
7093,Vendas,8863.99,40
7094,RH,3010.03,65
7095,Vendas,9351.76,34
7096,Vendas,7663.6,55
7097,Engenharia,4858.55,54
7098,Engenharia,6960.72,34
7099,RH,10593.02,24
7100,Engenharia,12513.94,41
7101,Engenharia,10432.91,50
7102,TI,3783.3,35
7103,Engenharia,7726.45,52
7104,Vendas,14911.38,48
7105,RH,11885.21,65
7106,Engenharia,7593.45,43
7107,Engenharia,14446.26,46
7108,RH,14593.32,37
7109,Diretoria,10981.2,44
7110,Marketing,13375.85,46
7111,Marketing,7071.37,44
7112,RH,9803.2,27
7113,TI,12326.89,30
7114,RH,6794.18,21
7115,Vendas,7128.57,31
7116,Marketing,7247.1,55
7117,Vendas,3492.23,39
7118,Marketing,12185.71,26
7119,Marketing,10481.2,21
7120,TI,3891.5,24
7121,Engenharia,12047.9,45
7122,Vendas,11895.8,62
7123,Marketing,9432.03,23
7124,Marketing,3600.37,45
7125,Marketing,3661.8,55
7126,Engenharia,9952.29,27
7127,Engenharia,13279.98,43
7128,Diretoria,3483.64,51
7129,Engenharia,10607.3,26
7130,Diretoria,7695.44,52
7131,Engenharia,8159.54,48
7132,TI,13651.05,21
7133,Marketing,4585.95,61
7134,Engenharia,12192.41,26
7135,Vendas,6580.87,39
7136,TI,13612.91,36
7137,RH,8545.34,21
7138,Engenharia,7100.17,42
7139,TI,5283.02,26
7140,Marketing,8084.2,64
7141,TI,5161.48,43
7142,Vendas,9585.56,55
7143,Engenharia,9090.78,22
7144,Marketing,9693.81,55
7145,Engenharia,3921.74,62
7146,Diretoria,5599.17,37
7147,Marketing,7131.39,33
7148,RH,13775.62,36
7149,Vendas,8210.9,24
7150,Engenharia,7797.1,48
7151,Engenharia,7227.89,30
7152,Engenharia,5428.64,29
7153,Diretoria,8295.95,24
7154,Marketing,8918.43,44
7155,Vendas,14570.61,42
7156,Vendas,5702.69,45
7157,Engenharia,3766.21,51
7158,Marketing,9259.81,27
7159,Engenharia,11116.11,35
7160,Engenharia,5529.15,35
7161,TI,4730.68,49
7162,Diretoria,11190.02,62
7163,Marketing,13068.28,49
7164,Vendas,13490.75,62
7165,Vendas,6405.3,20
7166,Engenharia,4861.88,24
7167,Diretoria,13890.42,51
7168,Engenharia,10947.32,44
7169,TI,12318.7,21
7170,RH,4843.09,48
7171,Engenharia,14192.2,56
7172,TI,11642.8,39
7173,TI,13402.84,56
7174,TI,13342.76,43
7175,Marketing,6548.92,32
7176,Engenharia,3450.73,34
7177,TI,7874.34,48
7178,RH,13155.23,54
7179,Engenharia,13333.87,23
7180,Vendas,13398.98,60
7181,TI,7758.31,52
7182,TI,13148.91,38
7183,Engenharia,10180.0,37
7184,Marketing,4221.79,37
7185,Engenharia,11978.89,46
7186,Diretoria,13261.21,34
7187,Diretoria,10238.08,35
7188,TI,3076.88,58
7189,RH,3131.96,32
7190,Engenharia,4220.56,30
7191,TI,13311.63,57
7192,RH,14621.21,41
7193,Engenharia,8682.0,54
7194,Vendas,11472.88,60
7195,RH,14953.44,50
7196,Engenharia,5229.54,27
7197,Marketing,11278.19,32
7198,TI,6783.86,65
7199,Engenharia,12157.78,21
7200,Engenharia,3020.45,34
7201,Engenharia,7385.44,49
7202,Diretoria,11832.33,46
7203,Vendas,5332.0,25
7204,RH,7330.96,33
7205,Diretoria,8733.62,49
7206,RH,10807.06,55
7207,Vendas,12723.31,36
7208,Marketing,14350.02,53
7209,Diretoria,11102.69,53
7210,Diretoria,11022.18,38
7211,TI,6510.73,23
7212,TI,13951.13,41
7213,Marketing,6569.24,57
7214,Vendas,10528.68,47
7215,Engenharia,8830.4,58
7216,Diretoria,9027.66,44
7217,Engenharia,8734.8,51
7218,RH,7234.54,54
7219,RH,5385.89,50
7220,Engenharia,9123.63,37
7221,Marketing,10353.35,25
7222,Vendas,12038.78,60
7223,Engenharia,3758.78,64
7224,Engenharia,7844.01,51
7225,TI,6179.82,56
7226,Marketing,10273.36,57
7227,Marketing,5825.29,61
7228,Marketing,6332.65,65
7229,TI,6996.06,27
7230,Marketing,6748.26,35
7231,RH,13915.23,41
7232,Marketing,8165.52,38
7233,TI,6367.5,38
7234,Marketing,3263.07,56
7235,TI,13896.38,36
7236,Engenharia,10267.73,56
7237,Marketing,9592.87,62
7238,TI,14773.86,40
7239,Engenharia,3638.37,31
7240,TI,10648.54,29
7241,RH,12294.99,38
7242,Diretoria,3532.04,24
7243,TI,3524.66,49
7244,Vendas,12112.25,40
7245,Vendas,9083.37,42
7246,RH,12543.41,42
7247,RH,10352.89,26
7248,Vendas,7433.13,65
7249,Vendas,8372.09,38
7250,Diretoria,11236.1,56
7251,Diretoria,11888.35,43
7252,Marketing,5663.07,46
7253,TI,12557.31,41
7254,RH,13490.18,54
7255,Vendas,7330.42,40
7256,TI,13410.73,64
7257,Marketing,3348.93,39
7258,Engenharia,10318.04,51
7259,Marketing,10236.79,33
7260,TI,5622.26,35
7261,Engenharia,8332.68,49
7262,RH,6310.93,37
7263,Marketing,10920.27,27
7264,TI,13700.6,62
7265,Diretoria,5039.88,29
7266,Marketing,3575.02,49
7267,TI,9408.88,22
7268,Engenharia,6118.78,55
7269,Marketing,3182.82,59
7270,Diretoria,4473.42,30
7271,Diretoria,4047.81,64
7272,RH,14034.59,27
7273,Diretoria,6868.61,48
7274,Diretoria,9024.99,38
7275,RH,4285.28,47
7276,Engenharia,7368.59,61
7277,Diretoria,9940.43,28
7278,Diretoria,14978.43,52
7279,Vendas,5641.25,42
7280,Diretoria,14745.71,61
7281,Diretoria,10939.55,35
7282,Vendas,7994.39,31
7283,Vendas,6737.02,59
7284,Engenharia,3427.58,41
7285,Engenharia,7063.09,58
7286,RH,11985.73,26
7287,Vendas,13968.01,21
7288,Engenharia,13918.96,49
7289,TI,11726.67,44
7290,RH,4546.75,42
7291,Vendas,3410.77,32
7292,Diretoria,7302.6,64
7293,Marketing,12810.25,29
7294,Marketing,3603.15,26
7295,Vendas,9931.36,52
7296,Marketing,3310.05,31
7297,TI,6727.36,56
7298,Marketing,5766.1,20
7299,RH,5348.29,44
7300,Vendas,8379.31,43
7301,Engenharia,12434.61,26
7302,RH,8353.47,60
7303,TI,14998.61,55
7304,Marketing,5452.69,49
7305,TI,8527.56,40
7306,Vendas,5057.35,35
7307,RH,14590.89,21
7308,RH,5047.96,54
7309,Engenharia,7076.6,34
7310,Diretoria,11013.47,23
7311,Marketing,14785.36,22
7312,RH,6685.89,20
7313,Marketing,14985.98,51
7314,RH,5298.82,23
7315,Marketing,9523.78,41
7316,Vendas,10445.88,49
7317,Vendas,10065.4,34
7318,TI,4059.94,53
7319,Marketing,12822.96,34
7320,Engenharia,4193.06,42
7321,Engenharia,10957.81,56
7322,RH,3497.35,42
7323,TI,3670.45,59
7324,Diretoria,13285.43,52
7325,TI,10516.91,49
7326,Marketing,4990.4,33
7327,Marketing,10559.42,55
7328,RH,11881.49,60
7329,TI,14168.53,51
7330,Vendas,9577.65,48
7331,RH,7699.79,24
7332,RH,8604.4,61
7333,Engenharia,9472.37,32
7334,RH,10207.94,55
7335,RH,10899.45,62
7336,RH,8727.36,37
7337,Vendas,7435.11,20
7338,TI,10578.52,34
7339,Marketing,6134.66,52
7340,RH,12722.59,46
7341,Vendas,11868.27,28
7342,Vendas,13623.97,21
7343,TI,10209.14,54
7344,Vendas,10678.26,60
7345,Vendas,8312.16,47
7346,Engenharia,10405.2,36
7347,Vendas,3233.32,31
7348,Engenharia,9892.87,47
7349,Marketing,8691.0,35
7350,Engenharia,5683.56,54
7351,Diretoria,9228.25,38
7352,Diretoria,13690.5,54
7353,Vendas,6020.46,26
7354,TI,6860.99,23
7355,TI,7307.06,52
7356,Diretoria,7931.34,58
7357,Engenharia,9369.68,44
7358,Marketing,4284.01,26
7359,RH,13124.36,61
7360,RH,7437.52,22
7361,TI,12404.69,60
7362,Marketing,12259.87,62
7363,Vendas,14619.36,45
7364,RH,4762.96,54
7365,RH,5901.98,41
7366,Engenharia,13237.87,43
7367,Engenharia,10548.2,23
7368,Marketing,6605.12,41
7369,RH,5145.35,45
7370,Diretoria,14412.72,62
7371,RH,4920.01,58
7372,TI,10664.14,57
7373,Engenharia,12915.9,57
7374,Vendas,3144.4,50
7375,Vendas,5174.96,43
7376,Vendas,14828.48,36
7377,RH,8024.29,56
7378,RH,7232.63,55
7379,Vendas,14882.63,34
7380,Vendas,9109.4,30
7381,Vendas,4874.69,62
7382,Vendas,3640.51,39
7383,Diretoria,3661.07,46
7384,TI,10501.46,34
7385,TI,13418.12,60
7386,RH,7321.98,48
7387,Vendas,11524.3,40
7388,Vendas,3920.88,23
7389,RH,3446.04,35
7390,Marketing,4058.85,49
7391,RH,7794.74,21
7392,TI,6075.77,32
7393,Vendas,10152.17,53
7394,TI,13487.55,48
7395,Engenharia,10871.19,47
7396,RH,4083.76,63
7397,Diretoria,10176.58,36
7398,RH,12311.42,47
7399,TI,12527.68,52
7400,Diretoria,4583.83,36
7401,TI,4628.83,49
7402,RH,7149.62,44
7403,TI,7701.14,56
7404,TI,12366.46,50
7405,Marketing,10972.41,48
7406,TI,4948.66,33
7407,Vendas,11637.12,23
7408,TI,3016.23,46
7409,Marketing,14665.73,60
7410,Diretoria,6394.76,35
7411,Vendas,12505.82,35
7412,Vendas,7196.58,55
7413,Engenharia,8892.16,57
7414,TI,7935.94,55
7415,Engenharia,8494.89,64
7416,TI,9232.93,31
7417,Vendas,5676.47,34
7418,Marketing,9496.94,62
7419,Engenharia,13724.31,45
7420,Diretoria,14703.36,46
7421,Diretoria,13225.66,43
7422,RH,9591.89,38
7423,RH,14626.6,65
7424,TI,14055.12,27
7425,Vendas,12491.79,24
7426,Diretoria,3303.49,25
7427,Vendas,5243.1,56
7428,TI,5531.73,64
7429,Diretoria,4408.16,65
7430,RH,12110.53,61
7431,TI,10455.47,35
7432,Vendas,12986.33,58
7433,Engenharia,10222.15,37
7434,Engenharia,14581.29,47
7435,Vendas,4425.64,35
7436,TI,3473.8,64
7437,RH,13059.79,52
7438,Marketing,13232.37,29
7439,Vendas,12273.2,47
7440,RH,10532.85,60
7441,Vendas,11226.99,36
7442,Diretoria,9669.77,45
7443,Marketing,3642.66,61
7444,Engenharia,14187.07,48
7445,TI,13456.27,48
7446,Vendas,9624.75,29
7447,Diretoria,9092.95,47
7448,Vendas,8759.62,45
7449,Marketing,13703.99,41
7450,Marketing,13275.74,34
7451,Marketing,12593.17,60
7452,Marketing,5459.37,48
7453,Diretoria,12306.13,32
7454,RH,6352.34,39
7455,Marketing,13754.97,58
7456,Vendas,14167.23,52
7457,Marketing,9607.89,62
7458,TI,13018.65,45
7459,Marketing,5138.24,63
7460,Diretoria,11014.09,44
7461,Marketing,12149.41,24
7462,Vendas,7443.0,22
7463,RH,13442.06,63
7464,Vendas,4349.32,56
7465,TI,14842.41,41
7466,Engenharia,11994.44,44
7467,Vendas,9767.46,46
7468,TI,6437.35,32
7469,Vendas,13131.61,31
7470,RH,8814.14,30
7471,Diretoria,3207.66,43
7472,RH,4200.06,56
7473,Diretoria,6571.52,40
7474,TI,11575.16,44
7475,Diretoria,9851.83,57
7476,Marketing,3481.9,63
7477,TI,11361.91,43
7478,RH,12326.37,26
7479,RH,10365.77,25
7480,Vendas,3761.62,40
7481,Diretoria,8823.22,43
7482,RH,10733.48,50
7483,RH,12635.87,34
7484,TI,7422.05,30
7485,Marketing,7096.68,64
7486,Vendas,8294.8,63
7487,RH,11315.76,63
7488,TI,4019.7,49
7489,Diretoria,8150.4,60
7490,Marketing,6221.12,59
7491,Diretoria,13780.56,52
7492,Diretoria,10718.3,23
7493,Vendas,12500.05,63
7494,RH,9051.92,55
7495,TI,11700.71,47
7496,Diretoria,7624.41,36
7497,RH,13671.69,56
7498,Diretoria,10317.79,42
7499,Vendas,13920.37,65
7500,RH,7913.35,28
7501,RH,12194.79,23
7502,Diretoria,13207.86,46
7503,Vendas,6376.42,52
7504,Vendas,6707.91,60
7505,TI,11596.7,40
7506,TI,11273.2,52
7507,TI,7892.15,63
7508,Engenharia,13573.88,42
7509,Diretoria,14059.48,46
7510,Diretoria,5887.85,26
7511,Marketing,6242.46,62
7512,Vendas,5053.71,58
7513,Engenharia,7764.02,33
7514,Engenharia,5695.21,50
7515,RH,3169.34,38
7516,Diretoria,4850.88,63
7517,RH,14556.98,39
7518,Vendas,5927.95,41
7519,Diretoria,13017.58,39
7520,TI,11248.45,55
7521,Diretoria,10016.34,23
7522,RH,11040.54,20
7523,RH,5160.23,26
7524,Vendas,13479.23,42
7525,Engenharia,8641.03,36
7526,Vendas,3186.98,28
7527,Diretoria,13923.47,22
7528,Marketing,14640.51,28
7529,Engenharia,3378.94,24
7530,TI,7837.66,57
7531,Vendas,14786.32,31
7532,Marketing,14541.0,49
7533,Vendas,10881.15,32
7534,RH,12047.53,27
7535,TI,11505.13,49
7536,Diretoria,8164.37,59
7537,Diretoria,8846.88,36
7538,Marketing,10730.77,61
7539,Diretoria,12624.84,64
7540,TI,10442.69,50
7541,Vendas,5881.94,40
7542,Engenharia,11176.32,21
7543,Diretoria,14866.85,57
7544,RH,3530.9,29
7545,Engenharia,14187.41,58
7546,Vendas,8713.08,24
7547,TI,11202.92,22
7548,Engenharia,7548.28,65
7549,Engenharia,6147.18,57
7550,Engenharia,8419.21,44
7551,Vendas,12421.86,60
7552,Diretoria,8620.48,49
7553,Engenharia,5662.84,31
7554,Vendas,4738.12,29
7555,Vendas,3104.83,40
7556,Vendas,8040.29,26
7557,Engenharia,8335.67,61
7558,Engenharia,12419.46,39
7559,Vendas,7374.05,62
7560,Vendas,5138.4,48
7561,RH,9461.0,23
7562,Diretoria,12120.26,58
7563,RH,4254.36,22
7564,Diretoria,3360.29,53
7565,Marketing,6507.14,46
7566,Vendas,5000.14,32
7567,RH,9255.47,32
7568,Marketing,10402.06,48
7569,Marketing,10060.2,63
7570,TI,3485.62,63
7571,RH,8666.02,26
7572,TI,3267.75,21
7573,Marketing,3006.41,44
7574,RH,6838.17,20
7575,Diretoria,3811.56,44
7576,Marketing,13128.78,48
7577,Diretoria,13840.93,30
7578,RH,7316.09,29
7579,Engenharia,14044.02,26
7580,Vendas,11782.56,39
7581,Engenharia,7594.86,36
7582,Diretoria,8810.6,47
7583,Diretoria,7189.47,55
7584,Vendas,5953.55,30
7585,Marketing,3966.38,42
7586,Marketing,3619.98,43
7587,TI,6410.53,20
7588,RH,14591.82,28
7589,Diretoria,11881.71,23
7590,Vendas,11711.76,47
7591,Vendas,7170.28,65
7592,RH,14444.73,39
7593,Vendas,8383.03,30
7594,Diretoria,13457.81,31
7595,TI,10027.39,27
7596,Engenharia,8397.07,59
7597,Marketing,13276.97,46
7598,Diretoria,9726.43,57
7599,Marketing,9971.78,39
7600,RH,6585.4,52
7601,Vendas,12884.92,20
7602,Engenharia,5672.58,27
7603,Marketing,4823.43,32
7604,Marketing,7478.89,44
7605,Diretoria,8849.66,47
7606,Vendas,6063.04,60
7607,Vendas,4486.05,60
7608,Vendas,3131.19,24
7609,Diretoria,3487.6,31
7610,Diretoria,10887.89,51
7611,Diretoria,4931.8,45
7612,RH,5295.79,42
7613,Vendas,12344.6,27
7614,TI,5904.23,45
7615,Engenharia,12073.97,29
7616,Engenharia,14120.31,51
7617,Vendas,13396.14,48
7618,TI,9059.1,48
7619,Vendas,6169.65,31
7620,TI,10622.15,27
7621,Engenharia,4595.25,35
7622,Vendas,3570.79,24
7623,Diretoria,8932.18,49
7624,Vendas,3451.5,46
7625,Vendas,9515.75,30
7626,Marketing,7552.38,57
7627,Vendas,8237.49,20
7628,TI,12042.49,47
7629,RH,14108.95,28
7630,Diretoria,5205.6,39
7631,Marketing,7808.43,47
7632,Marketing,11178.88,58
7633,Marketing,11150.47,31
7634,Engenharia,3441.65,65
7635,RH,14402.97,63
7636,Vendas,8416.67,39
7637,Marketing,11379.35,55
7638,Marketing,11957.03,43
7639,Vendas,3341.73,34
7640,Diretoria,7473.61,59
7641,Engenharia,7837.74,35
7642,RH,13738.08,43
7643,Vendas,10334.54,44
7644,Marketing,7168.74,25
7645,RH,6080.68,31
7646,RH,3111.21,45
7647,RH,5685.46,62
7648,Marketing,5551.94,63
7649,Marketing,11529.06,37
7650,Engenharia,13332.56,48
7651,Diretoria,3893.48,29
7652,Vendas,6691.27,25
7653,TI,13224.58,38
7654,Vendas,4952.42,38
7655,Engenharia,14714.65,30
7656,Diretoria,5966.8,41
7657,Marketing,12872.48,36
7658,TI,6708.0,36
7659,Engenharia,7020.56,41
7660,Marketing,12415.32,23
7661,TI,6226.2,51
7662,Engenharia,6758.42,48
7663,RH,10852.57,36
7664,TI,13773.07,61
7665,TI,9551.83,62
7666,Diretoria,9037.26,33
7667,Vendas,14346.13,40
7668,Engenharia,14067.51,27
7669,Marketing,4373.15,45
7670,Engenharia,14910.23,48
7671,Engenharia,6498.13,64
7672,RH,5064.53,61
7673,Vendas,10870.35,42
7674,TI,9919.7,41
7675,Engenharia,5700.39,55
7676,Vendas,6688.08,40
7677,Engenharia,12827.57,59
7678,Vendas,7810.82,50
7679,Diretoria,4477.99,46
7680,Diretoria,6707.72,63
7681,TI,14347.34,47
7682,TI,5436.57,49
7683,Vendas,14537.15,58
7684,Vendas,8833.89,57
7685,Diretoria,7595.34,28
7686,TI,5630.05,63
7687,Vendas,4357.43,50
7688,Engenharia,14755.48,57
7689,Marketing,7828.64,61
7690,Engenharia,13473.29,39
7691,TI,3163.17,55
7692,Marketing,3579.99,37
7693,Marketing,5338.85,47
7694,RH,10736.29,44
7695,RH,12482.04,35
7696,RH,7072.65,50
7697,Engenharia,5497.24,38
7698,Marketing,6938.11,26
7699,Vendas,5582.95,20
7700,Diretoria,9775.44,32
7701,Marketing,13041.79,37
7702,Diretoria,9513.08,21
7703,TI,13542.09,35
7704,Diretoria,8133.75,53
7705,Engenharia,8298.03,32
7706,TI,8212.58,54
7707,Engenharia,4528.09,22
7708,Engenharia,7304.93,59
7709,Marketing,12029.85,31
7710,Engenharia,6282.24,56
7711,TI,8358.91,51
7712,TI,3064.91,34
7713,TI,6757.73,20
7714,Vendas,3439.24,46
7715,Engenharia,14952.59,48
7716,TI,4272.26,34
7717,Vendas,13173.14,31
7718,Vendas,10310.64,62
7719,Marketing,9761.44,53
7720,TI,7567.5,29
7721,Vendas,7913.77,47
7722,RH,4422.31,48
7723,Diretoria,8173.11,61
7724,Engenharia,12517.6,38
7725,RH,12249.22,58
7726,Vendas,14212.81,30
7727,Vendas,13344.74,39
7728,Vendas,14031.92,28
7729,Marketing,3871.31,53
7730,TI,6802.97,35
7731,Marketing,4928.43,50
7732,Vendas,3023.93,29
7733,Engenharia,8662.63,30
7734,Engenharia,8533.45,32
7735,RH,10663.48,39
7736,RH,13610.82,58
7737,Marketing,8649.62,25
7738,Diretoria,11573.85,49
7739,TI,12044.1,51
7740,RH,12420.93,56
7741,Engenharia,4973.67,41
7742,Marketing,5136.82,53
7743,Vendas,14712.18,44
7744,Engenharia,11833.74,41
7745,TI,9350.54,59
7746,Diretoria,14473.2,33
7747,Marketing,11018.12,21
7748,TI,10312.49,62
7749,Marketing,7799.22,29
7750,Vendas,7845.72,34
7751,Diretoria,8009.95,26
7752,Marketing,13891.0,65
7753,RH,6272.51,28
7754,Diretoria,9052.95,34
7755,Marketing,4009.27,51
7756,Marketing,8650.64,51
7757,RH,12619.69,27
7758,Diretoria,9189.85,62
7759,Diretoria,7570.7,28
7760,Marketing,10612.79,52
7761,Vendas,10673.63,30
7762,TI,13494.13,31
7763,TI,8385.01,26
7764,Diretoria,4659.64,61
7765,RH,14652.59,40
7766,Diretoria,3562.1,65
7767,RH,3641.11,30
7768,Vendas,4127.47,27
7769,Engenharia,12850.77,43
7770,TI,7122.33,27
7771,Diretoria,14368.4,54
7772,RH,5697.46,24
7773,RH,3560.15,40
7774,TI,8018.53,54
7775,Marketing,8496.12,51
7776,Diretoria,5813.5,45
7777,Marketing,13927.69,46
7778,TI,7815.56,48
7779,RH,5987.36,50
7780,Diretoria,7235.11,56
7781,TI,13519.53,62
7782,Marketing,10446.35,57
7783,Diretoria,4357.47,43
7784,Diretoria,4170.75,55
7785,Marketing,6925.86,22
7786,Engenharia,10115.44,22
7787,TI,9086.88,50
7788,Diretoria,14376.06,47
7789,Vendas,8645.18,57
7790,RH,6018.26,24
7791,TI,10742.77,48
7792,RH,6923.45,59
7793,RH,4731.9,64
7794,Marketing,7305.35,28
7795,RH,7578.8,38
7796,Vendas,11548.77,32
7797,Vendas,10854.99,57
7798,TI,11685.46,26
7799,TI,14850.2,22
7800,TI,4893.46,49
7801,Marketing,7987.17,28
7802,Vendas,12703.28,38
7803,Marketing,10583.24,54
7804,Vendas,10163.8,61
7805,RH,12927.86,48
7806,Marketing,9595.55,33
7807,Vendas,9680.12,43
7808,Diretoria,11053.27,44
7809,Vendas,11330.25,21
7810,Vendas,4309.52,38
7811,Engenharia,11174.32,33
7812,RH,9759.79,33
7813,Vendas,7222.32,50
7814,TI,10352.07,25
7815,TI,4629.08,38
7816,Diretoria,14662.12,28
7817,Diretoria,3400.53,64
7818,RH,8836.89,54
7819,Marketing,4577.14,26
7820,RH,5453.39,59
7821,Diretoria,6454.43,55
7822,Diretoria,11750.94,27
7823,Diretoria,8487.58,65
7824,Marketing,13724.76,38
7825,TI,9260.89,30
7826,Engenharia,11230.06,26
7827,Engenharia,8678.21,27
7828,Vendas,5821.27,34
7829,Marketing,3569.78,39
7830,Vendas,10474.86,42
7831,Marketing,6478.5,27
7832,Engenharia,3138.78,25
7833,TI,14136.56,65
7834,Vendas,8376.4,32
7835,TI,6622.4,42
7836,Engenharia,9554.59,31
7837,Diretoria,7360.44,26
7838,Engenharia,8430.87,53
7839,Vendas,11414.72,60
7840,TI,3207.55,41
7841,Engenharia,6181.34,27
7842,Diretoria,5786.39,44
7843,Vendas,11037.51,20
7844,Vendas,7110.31,26
7845,Vendas,12498.24,61
7846,RH,11007.64,43
7847,Vendas,12640.47,52
7848,RH,12774.59,38
7849,RH,11130.0,44
7850,Vendas,4488.6,60
7851,Marketing,14973.54,62
7852,Marketing,14716.29,59
7853,Diretoria,9772.61,20
7854,Engenharia,3507.18,50
7855,Diretoria,8110.56,58
7856,TI,14368.95,45
7857,RH,7454.51,52
7858,RH,7982.7,63
7859,RH,10761.54,44
7860,Marketing,12515.65,61
7861,TI,11836.07,40
7862,TI,11375.2,62
7863,Diretoria,5555.14,56
7864,Vendas,7034.44,36
7865,Diretoria,11660.53,45
7866,Diretoria,9627.47,50
7867,TI,11327.55,33
7868,Vendas,9463.36,64
7869,Vendas,14106.29,27
7870,TI,13169.72,38
7871,Vendas,13107.34,30
7872,Marketing,10798.01,34
7873,RH,14946.79,61
7874,RH,12785.38,56
7875,TI,13227.86,58
7876,Engenharia,7184.04,40
7877,Marketing,13935.02,50
7878,Diretoria,14399.33,51
7879,Engenharia,4277.0,36
7880,Marketing,10924.2,36
7881,Marketing,10080.66,29
7882,Diretoria,13885.57,54
7883,Engenharia,10927.95,62
7884,Diretoria,7235.71,25
7885,Vendas,12037.6,60
7886,Vendas,5413.98,21
7887,Marketing,11023.04,58
7888,Marketing,11121.94,31
7889,Diretoria,6364.43,55
7890,Vendas,8734.85,40
7891,Diretoria,5578.96,33
7892,Marketing,12929.23,32
7893,Marketing,3979.7,53
7894,Marketing,9894.76,40
7895,Vendas,9170.01,37
7896,Engenharia,12413.61,55
7897,Marketing,6056.66,39
7898,TI,6332.33,21
7899,RH,9250.72,60
7900,RH,13424.62,40
7901,Vendas,5132.92,35
7902,Marketing,6382.44,23
7903,Engenharia,14390.66,41
7904,Engenharia,5311.21,47
7905,Diretoria,4767.77,27
7906,Engenharia,3687.8,62
7907,TI,12351.03,54
7908,Diretoria,13811.12,35
7909,RH,7592.29,27
7910,Engenharia,5195.64,20
7911,Vendas,7050.89,21
7912,Vendas,3520.91,55
7913,Engenharia,4295.51,65
7914,TI,3518.84,60
7915,Marketing,12795.53,40
7916,RH,14338.3,29
7917,TI,5592.04,40
7918,TI,9051.62,33
7919,Marketing,8377.97,61
7920,RH,6537.82,39
7921,Diretoria,13077.66,31
7922,TI,3673.21,23
7923,Marketing,4182.11,26
7924,RH,3101.96,53
7925,Diretoria,14317.6,57
7926,RH,12353.54,26
7927,TI,13879.72,27
7928,Marketing,6245.71,36
7929,Engenharia,13355.17,38
7930,Engenharia,9146.69,31
7931,RH,7555.2,28
7932,Marketing,14942.93,25
7933,Diretoria,8374.24,63
7934,TI,8032.53,23
7935,RH,13887.12,39
7936,Engenharia,3196.2,22
7937,Vendas,3003.92,56
7938,Vendas,8816.13,33
7939,Vendas,14914.67,31
7940,RH,13408.47,28
7941,Engenharia,12168.16,22
7942,Diretoria,9906.16,44
7943,Vendas,10755.72,61
7944,RH,12357.31,37
7945,Vendas,8972.24,57
7946,Marketing,8241.94,30
7947,RH,7323.94,46
7948,RH,3519.12,51
7949,Engenharia,10372.89,53
7950,Marketing,11424.95,38
7951,Marketing,11659.18,57
7952,Vendas,14136.14,38
7953,TI,11350.32,63
7954,Vendas,3196.95,52
7955,Diretoria,10142.82,51
7956,TI,3427.31,27
7957,Engenharia,6920.22,40
7958,Diretoria,5258.58,49
7959,Diretoria,12520.57,45
7960,Marketing,13061.86,57
7961,Diretoria,4624.09,32
7962,Marketing,4614.2,20
7963,Diretoria,5193.11,27
7964,Vendas,14555.51,27
7965,RH,11902.94,21
7966,Engenharia,13442.92,62
7967,TI,3426.4,62
7968,RH,8219.64,54
7969,Diretoria,10487.63,23
7970,TI,14176.9,51
7971,Vendas,12105.84,36
7972,Marketing,9316.99,42
7973,Engenharia,5517.43,23
7974,Marketing,13998.56,57
7975,TI,6990.5,51
7976,Marketing,5851.11,54
7977,Engenharia,12598.29,24
7978,Diretoria,9717.39,40
7979,RH,10425.33,28
7980,Marketing,6664.64,52
7981,Vendas,7735.14,58
7982,Engenharia,5987.33,40
7983,Diretoria,11948.09,61
7984,Marketing,12415.98,54
7985,Engenharia,11162.31,59
7986,Marketing,3090.86,36
7987,RH,13114.56,52
7988,RH,12571.6,62
7989,Engenharia,8220.87,55
7990,Engenharia,5566.2,32
7991,Engenharia,8287.26,50
7992,Marketing,10664.45,56
7993,Diretoria,9006.17,36
7994,Vendas,4955.82,36
7995,Marketing,8065.15,33
7996,TI,5535.02,24
7997,RH,13093.79,20
7998,TI,4242.58,44
7999,RH,14606.68,57
8000,Vendas,11714.0,28
8001,RH,5804.81,20
8002,Vendas,11892.7,22
8003,Diretoria,8795.8,26
8004,Marketing,3846.62,47
8005,Vendas,6242.9,43
8006,Vendas,6072.28,34
8007,Vendas,13347.35,43
8008,RH,5541.61,40
8009,Engenharia,11626.95,53
8010,RH,5246.46,55
8011,Marketing,4898.7,27
8012,Marketing,14445.92,21
8013,Engenharia,4837.23,40
8014,TI,6759.26,23
8015,TI,9811.03,24
8016,TI,11787.63,62
8017,Marketing,11920.66,38
8018,TI,14894.3,35
8019,Vendas,5445.99,26
8020,TI,5446.42,48
8021,Marketing,10559.29,21
8022,Engenharia,9831.06,36
8023,RH,12499.72,40
8024,Marketing,3462.22,20
8025,Engenharia,13718.95,30
8026,Diretoria,5155.94,52
8027,Diretoria,8474.1,52
8028,Engenharia,5030.37,56
8029,Vendas,3521.26,45
8030,Vendas,13128.11,53
8031,TI,4762.99,35
8032,Vendas,5944.99,57
8033,Marketing,3000.07,56
8034,Marketing,3795.32,54
8035,Marketing,8789.65,54
8036,RH,4519.75,57
8037,TI,6865.07,59
8038,Engenharia,14474.81,31
8039,Diretoria,4723.5,27
8040,RH,9649.24,42
8041,Marketing,8905.98,36
8042,Diretoria,12281.08,45
8043,Engenharia,3714.94,32
8044,Marketing,10330.54,35
8045,Engenharia,5862.12,63
8046,RH,14842.76,48
8047,RH,5705.56,40
8048,Marketing,12493.13,20
8049,Marketing,8828.63,42
8050,Diretoria,6122.12,50
8051,Engenharia,12017.93,50
8052,TI,8944.89,43
8053,Diretoria,5762.68,35
8054,RH,8358.58,51
8055,Engenharia,11593.96,62
8056,RH,14164.18,62
8057,RH,5989.88,37
8058,Marketing,14922.45,61
8059,Marketing,13747.95,59
8060,Vendas,9227.34,42
8061,Diretoria,14782.65,41
8062,RH,14672.13,62
8063,TI,14843.89,43
8064,Engenharia,3068.83,34
8065,Marketing,4023.45,65
8066,TI,10978.58,51
8067,Vendas,6271.38,56
8068,Vendas,9538.06,31
8069,Diretoria,14699.25,56
8070,Diretoria,4715.05,40
8071,Vendas,6097.43,20
8072,TI,14604.92,21
8073,Engenharia,5443.01,51
8074,Vendas,11391.44,53
8075,Vendas,10667.34,57
8076,Marketing,13394.71,59
8077,RH,3546.41,21
8078,RH,13112.1,40
8079,RH,5732.58,27
8080,TI,6805.02,41
8081,Marketing,12026.82,22
8082,Marketing,12698.18,39
8083,RH,6044.71,29
8084,Marketing,12293.26,64
8085,RH,4684.69,24
8086,Engenharia,5722.77,53
8087,RH,4352.39,60
8088,Marketing,14929.16,52
8089,TI,13641.55,52
8090,Diretoria,6657.56,20
8091,Engenharia,7073.72,58
8092,TI,13312.03,48
8093,Marketing,3100.62,62
8094,Diretoria,6578.76,39
8095,Engenharia,13871.63,40
8096,Engenharia,10863.87,34
8097,Diretoria,7540.57,23
8098,Vendas,5704.11,48
8099,TI,13641.52,25
8100,Engenharia,12313.59,26
8101,TI,4994.89,23
8102,TI,3131.46,49
8103,TI,12103.46,32
8104,RH,3786.01,20
8105,TI,3655.26,25
8106,Engenharia,14857.87,51
8107,Diretoria,3906.75,32
8108,Vendas,9415.21,52
8109,Vendas,12213.81,30
8110,Diretoria,10939.48,27
8111,Vendas,5715.44,55
8112,Diretoria,5069.71,53
8113,Engenharia,14837.17,45
8114,RH,10893.81,30
8115,Marketing,9191.3,31
8116,RH,14580.56,27
8117,RH,3573.52,58
8118,Engenharia,14323.34,20
8119,TI,9487.82,43
8120,Engenharia,13604.37,21
8121,TI,12781.59,21
8122,Engenharia,12011.89,50
8123,Engenharia,6335.27,61
8124,Diretoria,10230.6,58
8125,TI,4635.89,64
8126,RH,9585.57,40
8127,Engenharia,14372.16,31
8128,Vendas,14708.92,63
8129,Diretoria,13039.82,34
8130,TI,13151.92,47
8131,RH,4233.64,35
8132,RH,9250.64,32
8133,TI,4010.58,56
8134,Marketing,10509.33,38
8135,TI,4513.96,55
8136,Engenharia,12695.41,58
8137,Vendas,12528.25,28
8138,Engenharia,7626.78,55
8139,TI,11872.51,29
8140,RH,9246.43,34
8141,Marketing,9160.39,31
8142,TI,7886.31,39
8143,TI,10569.76,46
8144,Engenharia,3007.86,60
8145,TI,8306.16,47
8146,Marketing,13595.31,37
8147,Vendas,14089.42,54
8148,Marketing,8331.22,51
8149,Vendas,7853.04,61
8150,Vendas,13302.08,60
8151,Marketing,3427.98,37
8152,TI,11203.26,65
8153,Diretoria,8003.84,60
8154,Diretoria,7041.87,43
8155,Diretoria,12555.44,29
8156,Engenharia,7173.56,38
8157,Diretoria,4528.08,50
8158,TI,3411.53,30
8159,Diretoria,9320.23,28
8160,Marketing,4032.16,40
8161,Vendas,8861.85,20
8162,RH,13685.0,62
8163,Vendas,3684.22,40
8164,Vendas,13400.79,50
8165,Diretoria,4044.97,46
8166,Vendas,3807.26,21
8167,Marketing,8233.72,41
8168,RH,12201.36,43
8169,RH,5285.16,32
8170,Marketing,13081.08,54
8171,Vendas,3450.74,25
8172,TI,5881.91,30
8173,Vendas,12570.96,50
8174,Engenharia,14303.8,63
8175,RH,12105.11,57
8176,RH,12461.77,20
8177,Engenharia,12027.67,45
8178,Vendas,6344.12,51
8179,Marketing,11726.87,24
8180,RH,6021.5,65
8181,Diretoria,10442.46,33
8182,Vendas,9985.52,61
8183,Engenharia,3061.41,53
8184,Marketing,10444.21,32
8185,Diretoria,13777.32,21
8186,Vendas,6751.29,41
8187,Vendas,12874.6,23
8188,RH,7573.25,63
8189,RH,10525.05,45
8190,Marketing,13438.99,39
8191,Engenharia,6497.88,24
8192,Engenharia,6412.45,55
8193,Diretoria,4648.3,29
8194,Marketing,14122.63,21
8195,RH,14392.71,53
8196,TI,9865.85,65
8197,Engenharia,3991.67,32
8198,Engenharia,14976.81,30
8199,Vendas,6319.45,27
8200,RH,3663.58,63
8201,Vendas,8546.55,21
8202,Diretoria,11466.39,53
8203,Engenharia,4197.71,46
8204,Engenharia,10749.89,38
8205,Engenharia,11808.53,27
8206,Marketing,7208.86,38
8207,Engenharia,14568.63,45
8208,Diretoria,10966.31,46
8209,Marketing,5039.52,28
8210,RH,5617.7,32
8211,Engenharia,8635.97,62
8212,Engenharia,7283.52,65
8213,TI,14179.47,31
8214,RH,6988.16,45
8215,RH,7764.44,57
8216,Diretoria,8616.04,63
8217,Vendas,3241.74,30
8218,TI,14063.42,57
8219,Vendas,7612.4,27
8220,TI,7108.26,24
8221,Diretoria,3211.86,64
8222,Vendas,9124.53,20
8223,Marketing,8462.1,33
8224,Marketing,7372.84,29
8225,RH,4280.0,52
8226,Diretoria,11443.21,50
8227,Marketing,7771.6,51
8228,Marketing,5651.39,28
8229,Vendas,3575.26,20
8230,Marketing,6673.72,25
8231,Vendas,4176.33,34
8232,RH,8687.78,44
8233,Vendas,6094.96,45
8234,Engenharia,11385.09,23
8235,Vendas,6121.96,46
8236,TI,9584.66,23
8237,Diretoria,4608.45,65
8238,RH,7439.59,50
8239,Marketing,8882.32,49
8240,Marketing,14842.46,40
8241,Vendas,9156.45,36
8242,Engenharia,5805.59,53
8243,Vendas,7897.01,27
8244,Marketing,7789.74,22
8245,Vendas,12101.62,41
8246,TI,4128.45,48
8247,Marketing,6522.75,29
8248,Diretoria,13583.38,42
8249,TI,12364.82,54
8250,Vendas,4567.45,25
8251,Diretoria,7914.83,23
8252,Marketing,11178.71,43
8253,Vendas,11858.71,46
8254,Vendas,5744.04,62
8255,TI,5272.95,47
8256,Vendas,10556.58,39
8257,TI,9605.28,20
8258,Engenharia,3812.78,61
8259,Vendas,11415.21,59
8260,TI,4829.96,37
8261,RH,4371.73,61
8262,Engenharia,5470.1,34
8263,TI,5776.31,34
8264,TI,4837.52,58
8265,Vendas,4193.63,61
8266,Diretoria,11185.31,45
8267,RH,5700.6,44
8268,Engenharia,14993.12,52
8269,Engenharia,5899.47,28
8270,Diretoria,11688.47,31
8271,TI,8137.65,38
8272,TI,3484.64,31
8273,Vendas,14536.18,37
8274,Marketing,9322.21,31
8275,Diretoria,9895.25,45
8276,TI,14404.17,36
8277,TI,6454.76,27
8278,TI,5560.31,54
8279,Diretoria,7188.32,57
8280,Vendas,14437.71,34
8281,RH,14695.67,49
8282,Diretoria,14869.88,35
8283,Engenharia,6481.05,41
8284,Engenharia,5638.91,51
8285,Engenharia,4115.92,34
8286,Vendas,10173.67,48
8287,Engenharia,6428.58,40
8288,Engenharia,5173.87,40
8289,TI,7400.0,54
8290,RH,10045.38,23
8291,Engenharia,12913.58,60
8292,RH,9731.79,49
8293,Diretoria,4244.84,55
8294,Engenharia,3878.73,62
8295,Marketing,11712.06,36
8296,Diretoria,14994.81,22
8297,Diretoria,5621.3,53
8298,Marketing,8205.37,46
8299,Marketing,5464.63,25
8300,Vendas,5724.39,54
8301,TI,5951.54,59
8302,Diretoria,6940.74,54
8303,Marketing,6184.61,37
8304,TI,4663.6,57
8305,Vendas,13873.37,53
8306,RH,6638.82,37
8307,Vendas,11782.24,21
8308,Vendas,3244.04,47
8309,Vendas,11414.73,25
8310,TI,4024.7,24
8311,Engenharia,6407.71,43
8312,Engenharia,7409.67,29
8313,Diretoria,8326.4,24
8314,Marketing,5732.17,40
8315,TI,5729.38,61
8316,Diretoria,13560.63,29
8317,Diretoria,13755.15,24
8318,RH,12617.72,54
8319,RH,5261.34,32
8320,TI,5408.15,29
8321,Marketing,6689.72,58
8322,Marketing,7466.9,28
8323,TI,4660.34,32
8324,Engenharia,9946.61,56
8325,Marketing,12848.31,24
8326,Engenharia,4414.82,48
8327,Engenharia,12316.99,20
8328,Vendas,3945.57,37
8329,Engenharia,12790.36,33
8330,RH,3024.47,46
8331,TI,12107.99,54
8332,Marketing,5062.55,52
8333,Marketing,7567.41,23
8334,Marketing,8526.34,31
8335,Engenharia,6427.35,41
8336,Diretoria,11037.54,58
8337,RH,7978.1,61
8338,Diretoria,3703.17,41
8339,Diretoria,11595.42,20
8340,Diretoria,9621.2,43
8341,Engenharia,12598.7,24
8342,Diretoria,14194.38,26
8343,RH,12426.93,45
8344,Engenharia,8640.42,53
8345,Vendas,5913.18,64
8346,Marketing,7806.42,29
8347,RH,10910.3,62
8348,Vendas,5514.31,42
8349,Marketing,6416.71,48
8350,RH,3734.89,40
8351,Diretoria,11466.83,39
8352,Engenharia,6290.57,22
8353,TI,12360.09,64
8354,Diretoria,6746.2,63
8355,Marketing,13820.76,63
8356,RH,7089.0,63
8357,TI,4480.85,22
8358,Vendas,13081.51,55
8359,Vendas,14546.14,65
8360,RH,6464.92,37
8361,RH,5376.69,43
8362,TI,13294.23,51
8363,Engenharia,3020.53,61
8364,Vendas,11591.44,33
8365,TI,6385.49,53
8366,RH,6412.4,38
8367,Marketing,3507.73,34
8368,Engenharia,4137.44,60
8369,Vendas,9581.57,63
8370,Marketing,14976.03,61
8371,Vendas,14838.95,62
8372,RH,8317.11,47
8373,Diretoria,14738.82,34
8374,RH,11087.39,53
8375,Marketing,8988.94,50
8376,Engenharia,8553.89,58
8377,RH,12111.84,51
8378,RH,10568.71,42
8379,RH,8334.13,57
8380,TI,3668.01,29
8381,Marketing,8914.43,46
8382,TI,13843.19,34
8383,RH,9769.98,23
8384,Engenharia,7363.22,53
8385,Marketing,12327.24,32
8386,Engenharia,13795.21,64
8387,RH,13875.62,31
8388,TI,5460.31,33
8389,TI,12924.31,28
8390,Engenharia,7639.63,46
8391,Diretoria,3889.95,36
8392,RH,14089.92,46
8393,RH,8681.35,23
8394,RH,14415.62,43
8395,RH,13325.05,35
8396,Marketing,6841.08,49
8397,RH,13019.76,60
8398,TI,14512.91,56
8399,Marketing,13629.73,29
8400,Vendas,10034.8,63
8401,TI,6896.5,20
8402,RH,14041.87,47
8403,Engenharia,7313.56,30
8404,RH,12982.53,47
8405,Vendas,7386.46,43
8406,Diretoria,7955.18,55
8407,Vendas,5602.58,35
8408,Marketing,8483.01,21
8409,Marketing,9439.46,50
8410,Vendas,6651.12,40
8411,RH,4617.51,27
8412,Marketing,12762.64,28
8413,RH,6235.71,54
8414,Vendas,11203.93,47
8415,TI,10752.29,53
8416,Vendas,14937.58,43
8417,Marketing,10332.21,50
8418,Vendas,12196.62,47
8419,Diretoria,10875.88,65
8420,Marketing,10837.11,59
8421,RH,7492.15,63
8422,Diretoria,6320.26,26
8423,Engenharia,12282.09,52
8424,Diretoria,8445.98,45
8425,Diretoria,12965.35,20
8426,TI,4628.38,63
8427,Engenharia,4918.67,53
8428,RH,8098.8,28
8429,RH,9598.65,26
8430,TI,4811.72,60
8431,RH,13687.07,39
8432,Vendas,8653.71,26
8433,Marketing,12701.46,30
8434,Vendas,8748.69,62
8435,Diretoria,10921.93,39
8436,Vendas,6767.73,47
8437,Engenharia,4082.96,53
8438,Vendas,3059.52,54
8439,Diretoria,13580.01,57
8440,RH,6344.47,46
8441,TI,13846.59,59
8442,RH,5905.85,38
8443,Vendas,9161.75,58
8444,Vendas,4368.45,37
8445,RH,14298.93,20
8446,Diretoria,13052.62,39
8447,TI,3473.52,49
8448,Engenharia,7386.68,30
8449,Vendas,5352.89,38
8450,Diretoria,5231.88,62
8451,TI,6718.36,54
8452,TI,6494.49,59
8453,Diretoria,12226.26,21
8454,RH,9415.55,22
8455,TI,13314.93,23
8456,Vendas,12472.72,49
8457,Diretoria,11705.1,56
8458,RH,6414.76,42
8459,Diretoria,5845.78,45
8460,Diretoria,7461.9,34
8461,RH,10218.7,39
8462,RH,6719.35,59
8463,Diretoria,5590.18,37
8464,RH,4076.62,64
8465,Marketing,11064.06,47
8466,Marketing,9362.39,37
8467,Engenharia,10446.38,50
8468,Marketing,9992.0,58
8469,TI,10764.93,40
8470,Diretoria,13540.83,40
8471,Marketing,8565.47,49
8472,TI,12507.17,49
8473,TI,4635.09,35
8474,Engenharia,3874.24,35
8475,TI,3103.6,21
8476,TI,12219.14,54
8477,Marketing,6995.39,24
8478,Vendas,7620.94,49
8479,TI,10423.46,56
8480,Diretoria,8863.55,21
8481,TI,14114.2,65
8482,Marketing,8481.61,59
8483,Vendas,12166.96,49
8484,Vendas,4305.65,61
8485,Diretoria,5239.29,26
8486,Diretoria,6420.55,63
8487,RH,10128.89,47
8488,TI,10987.32,63
8489,Vendas,11541.44,58
8490,Vendas,8867.05,35
8491,Marketing,14637.25,48
8492,Diretoria,6682.82,57
8493,Diretoria,3443.41,27
8494,RH,9432.1,31
8495,Vendas,11240.71,51
8496,TI,14938.78,20
8497,RH,8373.76,44
8498,TI,6603.86,38
8499,TI,12341.28,57
8500,Diretoria,7771.7,55
8501,Marketing,13638.28,50
8502,RH,11587.89,50
8503,Vendas,9189.36,32
8504,TI,9818.42,55
8505,Diretoria,4327.79,60
8506,RH,6861.66,25
8507,Vendas,5740.09,53
8508,TI,10791.33,25
8509,Diretoria,10832.13,52
8510,TI,14755.11,48
8511,RH,8559.79,56
8512,RH,12629.6,23
8513,Vendas,12691.73,61
8514,Engenharia,8258.23,40
8515,TI,14359.3,56
8516,Marketing,13699.38,44
8517,Diretoria,7524.88,33
8518,Marketing,11437.05,42
8519,Vendas,6621.19,40
8520,RH,12835.98,43
8521,RH,9982.96,31
8522,TI,12476.53,37
8523,Engenharia,3900.71,60
8524,Marketing,5319.02,31
8525,Vendas,5782.98,55
8526,RH,14196.35,65
8527,Vendas,12188.71,36
8528,RH,3141.72,55
8529,Engenharia,3383.82,54
8530,Diretoria,5043.2,56
8531,Marketing,7406.66,50
8532,Marketing,6323.58,31
8533,Vendas,5597.09,61
8534,Vendas,10699.44,39
8535,RH,11904.35,30
8536,Marketing,4333.25,44
8537,RH,8428.18,24
8538,RH,5640.69,49
8539,Marketing,6012.1,27
8540,TI,7946.25,38
8541,RH,13581.78,24
8542,RH,8977.6,44
8543,RH,12924.07,32
8544,Engenharia,12044.85,29
8545,RH,7828.08,60
8546,Vendas,7622.96,58
8547,Marketing,14960.75,35
8548,Marketing,3627.41,39
8549,TI,4623.95,52
8550,RH,13158.62,47
8551,Marketing,10138.39,24
8552,RH,6569.46,59
8553,RH,6577.61,30
8554,Marketing,7428.97,26
8555,TI,11294.28,65
8556,Diretoria,13119.47,28
8557,Marketing,13478.96,64
8558,TI,7162.28,45
8559,Vendas,4663.01,62
8560,Engenharia,3393.25,43
8561,TI,9792.71,60
8562,Marketing,7535.49,56
8563,Engenharia,3296.28,62
8564,Diretoria,3322.27,37
8565,TI,12113.0,21
8566,Engenharia,4952.14,23
8567,Marketing,4604.78,43
8568,RH,7057.18,63
8569,RH,3553.46,48
8570,Engenharia,8854.8,28
8571,Engenharia,8718.89,56
8572,Engenharia,14112.12,48
8573,Vendas,5900.48,65
8574,TI,14841.78,30
8575,Marketing,13993.82,60
8576,Vendas,7071.97,34
8577,Marketing,3083.2,61
8578,Engenharia,12125.6,53
8579,Marketing,6776.03,51
8580,Engenharia,7948.39,44
8581,Marketing,3009.86,28
8582,Vendas,12282.63,48
8583,Diretoria,7697.4,56
8584,Marketing,7466.4,38
8585,RH,11791.89,42
8586,Marketing,5741.49,20
8587,TI,14194.79,42
8588,Diretoria,8671.75,30
8589,Diretoria,9713.41,46
8590,Diretoria,10955.54,23
8591,Diretoria,8264.35,22
8592,TI,7540.52,53
8593,RH,10478.67,23
8594,TI,4060.6,36
8595,Marketing,11259.2,56
8596,Vendas,8942.44,21
8597,Marketing,3433.13,61
8598,TI,5524.59,63
8599,Diretoria,14970.45,59
8600,Diretoria,11563.26,31
8601,Marketing,6155.71,23
8602,RH,10459.53,28
8603,Engenharia,12094.04,30
8604,RH,14483.71,20
8605,Engenharia,5394.72,34
8606,Diretoria,5357.74,24
8607,Engenharia,4889.55,58
8608,TI,5078.97,64
8609,Diretoria,13670.63,24
8610,RH,12694.6,59
8611,Vendas,9616.38,56
8612,Marketing,13884.12,55
8613,RH,12395.44,57
8614,Marketing,7662.13,51
8615,RH,11000.5,37
8616,Diretoria,10782.49,52
8617,Diretoria,5682.7,54
8618,RH,5244.95,34
8619,Diretoria,6546.55,22
8620,RH,4166.69,24
8621,Engenharia,8766.39,59
8622,Diretoria,6758.28,44
8623,Marketing,13438.11,61
8624,Vendas,4567.56,35
8625,TI,10121.56,26
8626,TI,10533.23,49
8627,RH,13823.87,27
8628,Vendas,5161.1,37
8629,Marketing,13661.78,58
8630,Vendas,10996.27,36
8631,Diretoria,5917.74,53
8632,Vendas,8367.15,41
8633,Marketing,11580.45,53
8634,TI,9757.54,48
8635,Vendas,4091.82,39
8636,RH,13229.48,26
8637,TI,9468.55,22
8638,Marketing,14313.19,49
8639,Vendas,4705.33,26
8640,Vendas,10596.01,27
8641,Vendas,6947.48,46
8642,Diretoria,13070.69,28
8643,RH,3260.2,25
8644,Diretoria,3836.76,50
8645,TI,7481.84,30
8646,TI,8124.99,59
8647,Vendas,11116.58,23
8648,RH,7128.46,51
8649,RH,3593.77,35
8650,TI,5831.7,41
8651,Diretoria,12209.41,39
8652,Vendas,4207.65,59
8653,Engenharia,11404.35,55
8654,RH,8228.58,26
8655,RH,14157.88,36
8656,Vendas,11667.0,37
8657,Marketing,6956.81,62
8658,Engenharia,7491.41,35
8659,Engenharia,4996.67,26
8660,Marketing,7947.2,43
8661,RH,12672.89,57
8662,RH,5378.14,26
8663,Vendas,5341.47,38
8664,Engenharia,13172.37,48
8665,Vendas,13661.25,42
8666,Vendas,8379.97,50
8667,Diretoria,4603.98,53
8668,RH,5025.77,64
8669,RH,3000.51,24
8670,TI,5848.62,47
8671,Diretoria,9034.82,27
8672,Vendas,11565.76,49
8673,RH,6776.33,42
8674,TI,13395.57,55
8675,Vendas,3330.92,64
8676,Engenharia,6673.25,38
8677,Diretoria,3653.97,34
8678,RH,6228.82,63
8679,Engenharia,6185.2,21
8680,Engenharia,10856.47,40
8681,Vendas,7724.63,63
8682,RH,12036.51,48
8683,RH,8996.29,29
8684,RH,4873.47,47
8685,Engenharia,12434.36,40
8686,Vendas,12371.04,40
8687,Vendas,10187.2,31
8688,Vendas,14494.0,25
8689,Engenharia,9733.64,55
8690,Marketing,11644.55,39
8691,Diretoria,13755.65,21
8692,TI,14814.48,58
8693,TI,4299.79,38
8694,Marketing,9117.78,56
8695,Engenharia,8177.77,65
8696,Engenharia,8897.35,61
8697,RH,13519.0,23
8698,TI,10541.02,26
8699,TI,14606.12,49
8700,Diretoria,11002.92,30
8701,Marketing,3928.69,64
8702,RH,4336.54,32
8703,TI,7580.37,53
8704,Vendas,4183.24,63
8705,Marketing,3501.76,60
8706,RH,9480.23,57
8707,Marketing,6740.87,54
8708,Marketing,13908.18,54
8709,Marketing,13990.19,22
8710,TI,14336.43,37
8711,Diretoria,13249.45,49
8712,TI,9478.24,35
8713,Vendas,9950.23,50
8714,Vendas,5853.3,46
8715,Marketing,10279.78,34
8716,TI,11725.78,56
8717,RH,14546.78,31
8718,TI,9996.88,61
8719,RH,5836.49,34
8720,Vendas,7161.99,36
8721,Diretoria,6541.07,30
8722,Marketing,5987.61,40
8723,Engenharia,12244.17,64
8724,Marketing,7059.89,48
8725,Vendas,5153.23,31
8726,Diretoria,7386.93,28
8727,Engenharia,10013.97,37
8728,TI,14295.37,63
8729,TI,11024.78,52
8730,Diretoria,10136.62,55
8731,RH,10237.9,23
8732,TI,12915.78,24
8733,RH,5938.34,49
8734,Vendas,6951.29,62
8735,RH,3954.85,51
8736,Engenharia,9717.67,27
8737,TI,12774.4,46
8738,Diretoria,5416.77,20
8739,Vendas,14511.99,30
8740,Diretoria,11290.02,26
8741,Marketing,4383.39,53
8742,Diretoria,3450.42,31
8743,Diretoria,6527.96,57
8744,Diretoria,8360.93,60
8745,Engenharia,14572.32,56
8746,Vendas,10479.78,31
8747,Diretoria,3494.8,60
8748,Diretoria,11370.07,42
8749,RH,5550.9,25
8750,Diretoria,4347.63,53
8751,Diretoria,10492.15,51
8752,Engenharia,14671.15,38
8753,Marketing,9493.8,45
8754,Vendas,7280.66,35
8755,Vendas,8540.64,60
8756,Diretoria,7219.17,55
8757,Engenharia,10161.77,31
8758,TI,7072.69,60
8759,Engenharia,10358.46,23
8760,Vendas,7262.12,52
8761,TI,5020.42,24
8762,Engenharia,7762.38,27
8763,Marketing,14668.83,39
8764,Vendas,6884.16,54
8765,Marketing,13892.59,30
8766,TI,9903.47,51
8767,TI,12090.94,53
8768,Vendas,9098.94,58
8769,RH,11927.0,28
8770,Diretoria,10025.59,48
8771,Vendas,4058.28,33
8772,Engenharia,13637.21,54
8773,Diretoria,13550.33,26
8774,Diretoria,9282.82,54
8775,Vendas,3541.59,65
8776,RH,11660.64,43
8777,TI,10746.71,64
8778,Marketing,4690.94,25
8779,Diretoria,7794.12,41
8780,Vendas,8596.29,31
8781,Vendas,10807.84,22
8782,RH,7680.63,29
8783,Engenharia,10227.92,63
8784,RH,14384.89,60
8785,Engenharia,11981.41,35
8786,Diretoria,9313.76,24
8787,TI,9154.5,50
8788,Engenharia,3613.72,26
8789,RH,3095.04,45
8790,Diretoria,13896.77,37
8791,Vendas,4827.78,53
8792,Diretoria,11096.58,58
8793,Marketing,7035.96,59
8794,Vendas,6057.66,47
8795,Vendas,5989.68,34
8796,RH,6518.92,21
8797,TI,6864.12,22
8798,Vendas,9286.7,48
8799,Marketing,13111.75,28
8800,Marketing,13416.92,28
8801,Diretoria,14503.71,24
8802,TI,9135.46,47
8803,Diretoria,4105.38,33
8804,Engenharia,7728.9,26
8805,Vendas,4917.38,39
8806,RH,13784.37,23
8807,Engenharia,4014.67,44
8808,Vendas,4633.04,33
8809,Diretoria,9168.08,34
8810,Vendas,3414.97,35
8811,TI,13478.86,51
8812,Engenharia,6254.62,23
8813,Diretoria,4635.04,24
8814,Diretoria,7855.83,65
8815,Marketing,3416.6,28
8816,Marketing,4482.05,37
8817,Engenharia,14154.51,50
8818,Engenharia,10976.73,61
8819,Diretoria,3089.13,39
8820,Diretoria,14014.15,24
8821,Diretoria,4821.41,24
8822,TI,10871.35,58
8823,Engenharia,5269.09,26
8824,Diretoria,7564.12,36
8825,Engenharia,9344.75,57
8826,Marketing,11373.72,62
8827,Vendas,12445.12,35
8828,RH,9047.49,64
8829,TI,12449.08,33
8830,Engenharia,9499.49,30
8831,Marketing,11076.45,22
8832,RH,12853.51,35
8833,Vendas,5204.0,23
8834,Diretoria,9846.52,23
8835,TI,6403.31,60
8836,Marketing,11057.02,22
8837,Vendas,8915.37,57
8838,Diretoria,12099.79,59
8839,TI,11356.25,44
8840,Marketing,9806.4,26
8841,Engenharia,10689.06,37
8842,Marketing,3125.4,54
8843,Engenharia,10423.82,58
8844,RH,7947.46,58
8845,Diretoria,13811.91,24
8846,Engenharia,12723.56,45
8847,RH,10152.65,47
8848,RH,8746.47,20
8849,TI,12099.84,40
8850,TI,4414.44,42
8851,Vendas,13494.52,38
8852,Engenharia,6672.22,58
8853,TI,12122.74,48
8854,RH,6370.32,53
8855,TI,11439.81,24
8856,Marketing,9709.72,32
8857,Vendas,9947.87,42
8858,Engenharia,10622.38,21
8859,Engenharia,13519.54,29
8860,Vendas,4604.67,40
8861,RH,3069.46,56
8862,Vendas,12366.48,46
8863,Diretoria,11519.76,63
8864,Diretoria,9673.58,31
8865,Vendas,3953.92,26
8866,TI,14178.9,43
8867,Engenharia,7554.34,41
8868,Marketing,8245.02,30
8869,Marketing,10788.11,52
8870,Vendas,10667.45,45
8871,Engenharia,12318.98,35
8872,TI,10204.36,26
8873,Marketing,9836.84,57
8874,Vendas,11433.34,65
8875,Diretoria,8695.72,23
8876,Diretoria,4262.63,33
8877,Marketing,7618.51,46
8878,RH,10173.13,53
8879,Marketing,4775.44,26
8880,RH,12633.94,47
8881,Diretoria,11908.44,30
8882,Vendas,7413.78,31
8883,Engenharia,10458.93,46
8884,Engenharia,9590.95,51
8885,Engenharia,9509.81,42
8886,Vendas,3197.2,59
8887,TI,14940.22,26
8888,Vendas,6599.26,54
8889,Marketing,12996.93,43
8890,Vendas,5451.92,30
8891,Marketing,6749.5,59
8892,TI,14088.96,45
8893,Marketing,13422.52,64
8894,TI,4062.5,59
8895,Diretoria,3221.22,32
8896,Vendas,8991.96,56
8897,Vendas,6939.92,29
8898,Marketing,13235.77,28
8899,Diretoria,6659.06,28
8900,Vendas,6803.56,45
8901,Engenharia,14996.56,35
8902,Vendas,7418.87,24
8903,RH,13259.2,38
8904,Marketing,8655.95,30
8905,TI,12911.8,53
8906,RH,4810.31,29
8907,Diretoria,5567.68,31
8908,Vendas,11508.5,54
8909,Engenharia,4702.54,35
8910,Engenharia,11136.51,41
8911,Marketing,4086.26,49
8912,Engenharia,4872.83,36
8913,RH,3478.16,28
8914,Marketing,8716.4,24
8915,Marketing,7419.06,28
8916,Marketing,14460.73,21
8917,Engenharia,9390.35,23
8918,Vendas,10694.93,63
8919,Engenharia,6960.07,60
8920,RH,9017.53,25
8921,RH,9945.85,27
8922,TI,7037.71,32
8923,RH,3946.91,27
8924,TI,8127.59,65
8925,Engenharia,14140.37,41
8926,Marketing,3758.73,35
8927,Vendas,5851.27,33
8928,Diretoria,10342.01,22
8929,Diretoria,9807.56,41
8930,TI,6346.46,60
8931,RH,5539.69,57
8932,Engenharia,14609.08,24
8933,Marketing,12384.65,59
8934,Vendas,4698.2,26
8935,RH,14733.98,35
8936,Vendas,14683.08,64
8937,Marketing,6291.5,28
8938,RH,7108.7,50
8939,RH,11607.75,60
8940,Marketing,13095.35,58
8941,Diretoria,9998.3,36
8942,RH,4217.03,57
8943,TI,7609.28,48
8944,TI,11867.95,61
8945,Diretoria,12911.39,33
8946,RH,10969.31,40
8947,Vendas,8211.28,27
8948,Vendas,8032.52,44
8949,Diretoria,3169.03,51
8950,Marketing,9477.21,49
8951,Diretoria,11336.33,27
8952,Vendas,13670.49,28
8953,Engenharia,10595.16,50
8954,RH,12218.98,55
8955,Engenharia,3175.75,43
8956,RH,6639.26,31
8957,Diretoria,4803.68,22
8958,Engenharia,8935.91,42
8959,Engenharia,6617.67,56
8960,Diretoria,8668.77,61
8961,Engenharia,4266.48,43
8962,Vendas,5730.45,50
8963,TI,9527.09,50
8964,TI,8402.74,61
8965,Marketing,9145.74,55
8966,Marketing,14625.58,55
8967,TI,6672.52,20
8968,Marketing,8514.17,55
8969,Diretoria,11622.14,49
8970,Vendas,3775.77,49
8971,Marketing,9271.51,40
8972,RH,14169.44,48
8973,Vendas,6370.57,52
8974,Vendas,10676.63,62
8975,Marketing,13304.93,48
8976,RH,4999.12,48
8977,TI,13379.07,27
8978,TI,14871.34,28
8979,Diretoria,3545.0,32
8980,RH,14316.17,48
8981,Marketing,6735.92,31
8982,RH,6935.93,55
8983,TI,7655.15,65
8984,Marketing,11842.32,44
8985,RH,7277.68,38
8986,Vendas,11072.76,54
8987,Vendas,12556.34,29
8988,Marketing,11853.09,33
8989,Vendas,6548.84,65
8990,Vendas,10080.79,49
8991,TI,7299.5,46
8992,Marketing,4880.66,24
8993,Engenharia,3184.0,46
8994,RH,8532.8,30
8995,Marketing,9119.69,65
8996,RH,12075.36,57
8997,Diretoria,5219.79,36
8998,Marketing,5297.98,54
8999,Marketing,8830.8,49
9000,Engenharia,8760.9,53
9001,Vendas,12675.96,43
9002,TI,3942.87,29
9003,Vendas,5809.67,27
9004,Marketing,4210.34,44
9005,RH,6817.61,64
9006,Diretoria,14148.87,40
9007,Engenharia,5908.85,47
9008,RH,3103.97,28
9009,Engenharia,7529.89,49
9010,Marketing,8752.31,51
9011,Engenharia,12723.02,31
9012,Vendas,11667.49,33
9013,Marketing,5580.26,52
9014,RH,3183.65,44
9015,Marketing,4622.07,20
9016,TI,5814.3,20
9017,TI,8948.3,61
9018,RH,12914.91,56
9019,Marketing,14471.07,28
9020,Marketing,3942.67,33
9021,Vendas,14319.81,34
9022,Vendas,7122.63,27
9023,TI,3601.69,54
9024,Marketing,11410.67,38
9025,Marketing,12811.32,34
9026,RH,12016.01,25
9027,RH,4933.78,46
9028,Engenharia,4449.53,36
9029,Marketing,8475.68,21
9030,Vendas,12281.95,46
9031,TI,11925.57,51
9032,Vendas,5436.81,59
9033,Marketing,12347.93,55
9034,Marketing,4653.75,43
9035,TI,4932.86,49
9036,Marketing,11055.63,57
9037,Marketing,14209.47,53
9038,TI,8171.7,61
9039,TI,8953.34,62
9040,Marketing,3026.93,40
9041,Vendas,7478.39,60
9042,Engenharia,8601.86,28
9043,TI,13583.22,21
9044,Engenharia,13980.03,52
9045,TI,9541.94,49
9046,Diretoria,4604.38,42
9047,Marketing,11372.75,54
9048,RH,12711.18,54
9049,Marketing,5366.64,47
9050,RH,14238.98,61
9051,Engenharia,14360.07,63
9052,Diretoria,6354.39,55
9053,Marketing,14897.11,20
9054,RH,11236.32,65
9055,Engenharia,12440.6,65
9056,TI,14238.03,40
9057,TI,14049.81,37
9058,Marketing,13020.07,33
9059,Vendas,6026.88,60
9060,Marketing,12407.21,41
9061,Vendas,12587.06,59
9062,Marketing,10851.21,60
9063,RH,11028.34,25
9064,RH,6702.61,50
9065,RH,13963.75,49
9066,TI,8363.48,37
9067,Marketing,6323.14,49
9068,RH,13671.18,41
9069,Vendas,14490.5,38
9070,Marketing,7469.0,45
9071,RH,8483.95,27
9072,Marketing,8318.38,29
9073,Vendas,10571.18,23
9074,Marketing,10361.2,24
9075,Vendas,7722.71,49
9076,RH,13980.96,29
9077,Marketing,4208.28,36
9078,Marketing,6707.46,59
9079,Vendas,14177.29,40
9080,TI,14354.59,64
9081,Engenharia,11948.11,35
9082,Engenharia,13500.91,26
9083,Vendas,12626.94,34
9084,Marketing,13410.98,49
9085,Marketing,8250.56,64
9086,TI,7266.88,39
9087,TI,3994.85,36
9088,Engenharia,13186.35,59
9089,Diretoria,14825.83,63
9090,Vendas,3722.13,38
9091,RH,11395.83,64
9092,RH,4973.27,48
9093,Diretoria,3231.0,61
9094,Engenharia,10657.53,57
9095,Diretoria,14690.04,28
9096,Engenharia,9699.84,45
9097,Engenharia,10042.62,43
9098,Marketing,5588.91,49
9099,Diretoria,3044.59,61
9100,Engenharia,14074.27,33
9101,Marketing,14746.0,36
9102,Vendas,10015.09,49
9103,TI,7437.52,30
9104,Diretoria,14115.28,45
9105,RH,9827.03,65
9106,TI,9205.29,49
9107,Diretoria,7243.26,64
9108,Vendas,10706.67,27
9109,RH,4213.99,22
9110,Vendas,9341.66,63
9111,Engenharia,12907.81,61
9112,Vendas,14827.37,34
9113,Marketing,8589.29,40
9114,Diretoria,7881.01,51
9115,Engenharia,6826.26,46
9116,Vendas,11237.6,34
9117,Diretoria,14844.71,42
9118,Diretoria,5463.84,28
9119,RH,6525.16,26
9120,Diretoria,12325.87,51
9121,TI,14050.83,63
9122,Diretoria,12518.69,56
9123,RH,9441.08,64
9124,Vendas,9045.68,25
9125,Diretoria,11651.19,58
9126,Engenharia,5693.16,37
9127,TI,3615.92,62
9128,Vendas,7222.58,58
9129,Diretoria,6425.39,30
9130,Engenharia,7557.12,33
9131,Marketing,11628.8,53
9132,Diretoria,7934.83,58
9133,TI,5250.45,58
9134,Vendas,8899.77,61
9135,Marketing,9715.9,52
9136,RH,12178.96,62
9137,Engenharia,3758.64,37
9138,RH,7219.65,42
9139,Engenharia,4245.5,45
9140,Marketing,6100.81,45
9141,Marketing,9152.36,37
9142,Engenharia,13764.97,44
9143,Vendas,7042.31,59
9144,Marketing,10324.44,34
9145,TI,6921.25,40
9146,Diretoria,13283.99,46
9147,Engenharia,5955.12,44
9148,Vendas,8525.6,52
9149,RH,4714.93,31
9150,RH,11825.49,28
9151,Engenharia,6822.63,32
9152,TI,11483.18,30
9153,Diretoria,12011.93,22
9154,Marketing,11050.99,59
9155,Marketing,12369.92,65
9156,TI,5259.92,59
9157,RH,7017.41,35
9158,Vendas,10705.83,46
9159,Engenharia,3640.57,49
9160,Engenharia,7206.68,35
9161,Diretoria,6701.63,56
9162,RH,8930.56,44
9163,TI,12723.06,21
9164,Engenharia,7735.69,30
9165,Marketing,7151.53,65
9166,TI,3645.25,44
9167,RH,12611.69,54
9168,Marketing,10035.04,53
9169,TI,9710.26,46
9170,TI,6661.21,31
9171,Engenharia,8785.05,33
9172,Vendas,8337.84,53
9173,Marketing,11924.69,61
9174,TI,11036.76,55
9175,Marketing,14669.32,37
9176,RH,3435.83,24
9177,RH,3052.66,44
9178,Diretoria,12905.31,59
9179,TI,4431.01,55
9180,TI,8789.72,51
9181,TI,10228.19,56
9182,Engenharia,9596.66,28
9183,Marketing,10212.2,21
9184,Vendas,3147.6,44
9185,Marketing,3204.05,64
9186,Engenharia,4124.63,22
9187,Marketing,3916.93,33
9188,Vendas,6040.58,63
9189,Engenharia,4672.48,57
9190,Diretoria,10952.28,58
9191,Vendas,13962.46,64
9192,Marketing,10415.75,28
9193,Vendas,7005.07,47
9194,Vendas,11345.91,54
9195,RH,5772.62,62
9196,TI,7912.6,43
9197,Diretoria,13705.62,31
9198,Diretoria,13330.8,39
9199,Engenharia,9676.05,32
9200,Marketing,5918.32,26
9201,Marketing,3045.87,41
9202,RH,14026.29,27
9203,Engenharia,7095.75,55
9204,Marketing,9149.67,30
9205,Diretoria,10198.04,24
9206,Diretoria,13349.1,36
9207,Engenharia,6436.99,46
9208,RH,10078.03,50
9209,Diretoria,12458.18,52
9210,RH,5087.25,31
9211,Marketing,14338.8,47
9212,Vendas,12192.34,55
9213,Diretoria,4161.31,35
9214,Diretoria,10882.23,63
9215,Vendas,5937.07,37
9216,Diretoria,10797.18,30
9217,Marketing,10495.04,37
9218,TI,10880.54,45
9219,Vendas,4368.19,62
9220,TI,14471.8,47
9221,RH,6830.91,56
9222,Marketing,3378.98,52
9223,Diretoria,3818.6,54
9224,Marketing,3695.07,48
9225,Engenharia,3395.2,51
9226,Engenharia,4026.85,29
9227,Engenharia,11249.19,25
9228,Engenharia,3443.97,55
9229,RH,10622.59,64
9230,Engenharia,7240.86,53
9231,TI,9793.44,36
9232,Diretoria,7326.35,52
9233,TI,4285.35,65
9234,Engenharia,13896.57,36
9235,Vendas,3046.9,29
9236,Diretoria,11030.92,27
9237,Vendas,6054.84,52
9238,Engenharia,10661.86,48
9239,Engenharia,5640.9,50
9240,Engenharia,6399.51,30
9241,Diretoria,13071.47,59
9242,Diretoria,14493.87,28
9243,Engenharia,3317.6,23
9244,Diretoria,5726.81,30
9245,TI,4845.09,56
9246,Engenharia,6239.5,40
9247,Diretoria,8222.51,42
9248,TI,6224.97,45
9249,Diretoria,7177.31,62
9250,Vendas,11366.1,59
9251,RH,9599.61,64
9252,Vendas,8603.49,41
9253,Marketing,13685.23,31
9254,Engenharia,9324.15,51
9255,TI,10441.41,40
9256,Vendas,13835.1,44
9257,RH,3077.15,29
9258,RH,4563.01,35
9259,Vendas,8118.03,33
9260,Vendas,7007.96,59
9261,Vendas,10672.89,59
9262,Diretoria,12887.3,62
9263,RH,12010.71,64
9264,Marketing,5091.89,34
9265,Diretoria,8650.26,50
9266,RH,4119.7,23
9267,Engenharia,6354.75,49
9268,Vendas,12370.07,63
9269,Marketing,5967.71,46
9270,Vendas,10203.25,52
9271,RH,11168.24,54
9272,Engenharia,7851.34,50
9273,Vendas,7639.32,24
9274,TI,7034.15,51
9275,RH,3032.72,59
9276,RH,11514.99,30
9277,TI,10312.1,35
9278,Engenharia,7669.26,44
9279,Engenharia,3304.43,43
9280,Engenharia,4365.34,43
9281,Vendas,14123.38,47
9282,RH,6131.49,55
9283,Diretoria,3733.83,25
9284,Marketing,5210.09,31
9285,Vendas,13996.03,43
9286,Vendas,13314.1,30
9287,TI,14349.59,37
9288,Vendas,14335.24,65
9289,RH,6911.7,46
9290,TI,14541.15,59
9291,Engenharia,11599.49,27
9292,RH,5425.1,58
9293,TI,11527.87,31
9294,RH,12581.2,57
9295,Diretoria,11278.16,63
9296,RH,13192.17,27
9297,Marketing,5240.36,45
9298,Marketing,5157.14,64
9299,Marketing,8383.07,50
9300,Diretoria,3156.35,20
9301,Marketing,14764.86,32
9302,TI,8962.48,60
9303,Vendas,4147.2,47
9304,Diretoria,5434.91,30
9305,RH,4914.07,59
9306,Diretoria,9083.7,40
9307,TI,8992.12,30
9308,RH,4609.39,30
9309,RH,6910.88,35
9310,TI,13113.13,51
9311,Diretoria,10543.83,23
9312,Diretoria,7879.44,33
9313,Marketing,5722.93,31
9314,Diretoria,11445.58,56
9315,Vendas,5127.49,26
9316,Diretoria,4039.92,55
9317,Marketing,12157.92,36
9318,RH,3020.65,21
9319,Marketing,6364.47,22
9320,Diretoria,6396.68,59
9321,Vendas,14742.73,46
9322,TI,14135.47,57
9323,Vendas,10338.92,55
9324,RH,3014.85,37
9325,Diretoria,7864.27,45
9326,RH,14656.72,28
9327,Engenharia,10110.22,38
9328,RH,14426.13,39
9329,Marketing,4965.87,65
9330,Marketing,7438.05,63
9331,Vendas,3645.33,28
9332,Engenharia,9837.31,40
9333,Vendas,7110.37,33
9334,Engenharia,6897.16,63
9335,RH,10948.13,35
9336,Marketing,14300.79,61
9337,Marketing,13196.42,24
9338,Vendas,9272.66,49
9339,Diretoria,13687.66,26
9340,Vendas,11447.85,59
9341,Marketing,9816.25,42
9342,RH,13256.59,41
9343,Marketing,5542.29,56
9344,Vendas,11992.42,22
9345,RH,4535.79,63
9346,Diretoria,4983.49,31
9347,TI,9312.8,42
9348,Marketing,3439.29,22
9349,Vendas,14560.08,30
9350,Diretoria,14547.31,44
9351,Vendas,8348.77,45
9352,Vendas,5349.42,52
9353,Engenharia,13339.89,48
9354,Vendas,13662.18,38
9355,Marketing,12590.22,49
9356,Marketing,13727.34,41
9357,Vendas,6478.74,51
9358,Vendas,12413.18,57
9359,Engenharia,10189.03,50
9360,RH,3922.27,22
9361,RH,13490.95,29
9362,Diretoria,5529.48,43
9363,TI,3412.44,39
9364,Diretoria,5464.46,34
9365,RH,10052.91,48
9366,RH,8131.24,47
9367,Marketing,9225.27,54
9368,Vendas,10051.72,28
9369,Vendas,12327.41,64
9370,Vendas,10466.84,25
9371,TI,3391.95,55
9372,Vendas,3542.27,57
9373,TI,6305.56,22
9374,TI,12479.86,31
9375,Diretoria,5459.79,55
9376,Vendas,5640.02,24
9377,TI,3392.55,43
9378,RH,14131.45,47
9379,Marketing,8489.61,40
9380,Marketing,9398.95,29
9381,Vendas,14899.61,48
9382,Engenharia,13223.94,24
9383,Vendas,11356.92,23
9384,Vendas,10568.19,46
9385,Vendas,4355.53,45
9386,Diretoria,5770.58,65
9387,RH,14747.97,61
9388,Engenharia,3669.31,43
9389,Vendas,12703.95,54
9390,Vendas,12854.52,64
9391,Diretoria,10825.21,55
9392,TI,4423.13,42
9393,TI,12861.4,51
9394,Vendas,11449.37,33
9395,RH,7250.41,27
9396,Diretoria,10628.56,34
9397,Engenharia,8238.67,64
9398,TI,10603.26,63
9399,Engenharia,9274.38,61
9400,Diretoria,8675.8,37
9401,RH,9901.81,64
9402,RH,12190.5,28
9403,TI,14151.81,34
9404,Marketing,11510.4,65
9405,TI,13346.98,58
9406,Vendas,14356.09,53
9407,Engenharia,13251.92,58
9408,TI,6676.06,27
9409,RH,4479.13,21
9410,RH,9468.51,28
9411,Marketing,3063.84,31
9412,Vendas,7947.32,65
9413,Vendas,5793.17,20
9414,Diretoria,12790.12,57
9415,TI,14154.36,50
9416,TI,10529.69,46
9417,RH,7234.16,57
9418,RH,10988.19,56
9419,Marketing,8348.33,52
9420,Diretoria,11402.31,43
9421,Engenharia,14269.57,64
9422,RH,9411.15,63
9423,Diretoria,9830.93,56
9424,Engenharia,10978.06,42
9425,Marketing,12213.35,22
9426,Vendas,7547.54,40
9427,RH,12240.85,26
9428,TI,6559.23,56
9429,Engenharia,4528.44,53
9430,Engenharia,6330.28,55
9431,Engenharia,14103.43,43
9432,Vendas,10206.76,55
9433,TI,12018.36,62
9434,Vendas,8494.12,40
9435,Diretoria,13302.77,41
9436,Diretoria,7945.17,29
9437,Diretoria,5866.21,47
9438,Marketing,4103.22,50
9439,TI,10436.9,48
9440,Vendas,11614.33,35
9441,Engenharia,9597.07,49
9442,TI,3030.93,48
9443,Engenharia,3091.65,52
9444,Vendas,5828.42,38
9445,Marketing,6749.53,48
9446,Engenharia,14046.0,21
9447,Vendas,13351.9,53
9448,RH,12006.03,22
9449,Engenharia,6172.2,49
9450,Marketing,5057.33,45
9451,Marketing,12031.75,55
9452,Engenharia,6732.65,63
9453,Marketing,9598.21,28
9454,RH,9084.78,57
9455,Engenharia,14624.56,25
9456,Diretoria,13121.6,21
9457,TI,7186.51,64
9458,Diretoria,9603.13,49
9459,Marketing,5682.04,45
9460,Marketing,8201.51,41
9461,Diretoria,4121.68,64
9462,Engenharia,4508.37,49
9463,Vendas,3640.87,37
9464,TI,13249.51,33
9465,Vendas,12990.9,33
9466,RH,13216.83,56
9467,Diretoria,9965.14,47
9468,Diretoria,4733.07,29
9469,Diretoria,11289.45,43
9470,Marketing,5140.47,56
9471,Engenharia,12558.79,41
9472,Engenharia,13514.22,37
9473,RH,10275.58,44
9474,Diretoria,11189.8,31
9475,Vendas,3172.63,59
9476,Diretoria,5390.64,60
9477,Engenharia,9269.25,46
9478,Vendas,14339.58,54
9479,Vendas,12664.36,23
9480,Diretoria,13044.85,38
9481,RH,13879.54,57
9482,TI,8222.05,26
9483,RH,7411.14,56
9484,TI,3983.64,22
9485,Marketing,7365.39,30
9486,Marketing,7158.5,63
9487,Engenharia,13794.06,53
9488,Vendas,5056.66,42
9489,Diretoria,14760.08,37
9490,Marketing,3301.28,60
9491,Diretoria,12330.09,62
9492,Vendas,8521.19,23
9493,RH,11332.62,36
9494,TI,4232.79,59
9495,Engenharia,5952.51,29
9496,Diretoria,11517.14,50
9497,Diretoria,5877.69,21
9498,Vendas,3812.74,25
9499,TI,11438.38,33
9500,Engenharia,8609.14,42
9501,Diretoria,9167.3,23
9502,TI,13616.24,65
9503,Engenharia,8809.41,42
9504,Diretoria,13089.98,20
9505,Engenharia,3436.24,57
9506,TI,4465.89,20
9507,Marketing,13451.08,33
9508,Engenharia,5165.64,35
9509,Vendas,8216.0,63
9510,Vendas,9442.64,41
9511,TI,6495.45,24
9512,RH,9985.39,36
9513,Vendas,9928.93,47
9514,TI,7365.55,24
9515,Vendas,6533.42,63
9516,RH,12456.47,62
9517,Marketing,6161.6,34
9518,Engenharia,3488.8,24
9519,RH,4100.49,48
9520,Engenharia,9601.69,29
9521,TI,6099.98,36
9522,Diretoria,13463.85,32
9523,Vendas,7699.12,59
9524,RH,14300.82,61
9525,Diretoria,11790.84,25
9526,Diretoria,5094.55,46
9527,TI,6168.15,39
9528,Marketing,11383.71,27
9529,RH,10160.37,21
9530,Marketing,13888.28,40
9531,RH,8163.17,40
9532,TI,10342.36,29
9533,Engenharia,12955.24,21
9534,Marketing,11887.19,42
9535,Marketing,10205.43,35
9536,RH,8457.34,22
9537,Vendas,12306.33,24
9538,RH,9346.01,48
9539,Marketing,4914.72,32
9540,Vendas,5408.57,45
9541,Diretoria,7956.5,31
9542,TI,7696.58,21
9543,Diretoria,3757.3,63
9544,Marketing,4703.08,46
9545,TI,9369.15,46
9546,Marketing,5790.97,49
9547,Engenharia,11033.34,54
9548,RH,10554.16,46
9549,Diretoria,8050.67,46
9550,RH,5739.43,47
9551,Engenharia,3987.31,34
9552,RH,6187.84,38
9553,RH,10399.82,53
9554,Marketing,6185.61,65
9555,Diretoria,6711.81,43
9556,TI,4619.25,65
9557,Vendas,9056.76,27
9558,Diretoria,4941.28,44
9559,Marketing,4714.1,49
9560,Diretoria,13619.06,31
9561,Diretoria,4648.72,51
9562,RH,7391.44,44
9563,Engenharia,7737.03,49
9564,Vendas,8384.48,42
9565,Vendas,3827.49,24
9566,Engenharia,11553.5,57
9567,Vendas,6877.35,30
9568,Engenharia,8115.67,50
9569,TI,14623.41,60
9570,RH,3206.99,20
9571,Diretoria,6405.41,26
9572,TI,12376.7,40
9573,Vendas,4232.74,26
9574,Marketing,13492.16,29
9575,Vendas,14009.93,27
9576,Engenharia,8770.25,33
9577,Engenharia,10170.1,37
9578,Diretoria,5756.6,25
9579,TI,8806.38,27
9580,Marketing,6695.44,41
9581,Diretoria,13258.72,33
9582,RH,13022.81,65
9583,Vendas,12289.91,50
9584,Diretoria,10722.08,46
9585,TI,6089.75,42
9586,TI,4895.63,64
9587,Vendas,3991.92,23
9588,Vendas,5397.27,51
9589,Marketing,14923.47,37
9590,TI,7117.72,61
9591,Diretoria,13068.21,37
9592,Engenharia,7357.66,23
9593,Marketing,10565.63,45
9594,Engenharia,9326.44,50
9595,Engenharia,8672.21,64
9596,TI,4905.9,34
9597,TI,13186.93,28
9598,RH,12418.24,20
9599,Vendas,5754.14,33
9600,Vendas,6767.73,23
9601,Diretoria,8606.04,39
9602,Marketing,3659.93,60
9603,RH,3833.42,27
9604,TI,4199.92,32
9605,RH,6369.55,57
9606,Vendas,11597.65,20
9607,Engenharia,10939.29,65
9608,RH,3751.63,28
9609,Diretoria,4541.87,48
9610,TI,12470.9,30
9611,Vendas,12600.7,33
9612,Marketing,14432.85,26
9613,Engenharia,7692.73,33
9614,TI,13457.14,55
9615,RH,6503.35,28
9616,Engenharia,5858.41,41
9617,Marketing,11463.25,62
9618,RH,6155.46,41
9619,Diretoria,13138.32,37
9620,Vendas,8911.28,57
9621,Vendas,8567.4,65
9622,Engenharia,10015.9,48
9623,Diretoria,9199.47,64
9624,Vendas,13393.12,27
9625,Diretoria,5038.07,41
9626,Engenharia,13878.62,23
9627,Diretoria,13052.39,42
9628,TI,6790.65,20
9629,TI,11702.08,38
9630,Engenharia,9027.72,20
9631,Vendas,12317.3,53
9632,TI,11796.31,36
9633,RH,12591.99,42
9634,Diretoria,6473.01,56
9635,Engenharia,7566.61,61
9636,Diretoria,13677.81,52
9637,Engenharia,8348.58,32
9638,Vendas,5104.46,20
9639,Vendas,6578.99,62
9640,Engenharia,13104.3,58
9641,Diretoria,7258.06,65
9642,Marketing,3658.7,36
9643,Engenharia,7609.99,32
9644,Diretoria,10960.68,43
9645,Marketing,6365.91,44
9646,Marketing,8044.82,27
9647,Engenharia,3776.66,36
9648,Vendas,5362.04,52
9649,RH,9491.02,30
9650,Diretoria,9337.37,22
9651,TI,6210.98,42
9652,Marketing,10681.9,47
9653,Marketing,5536.4,48
9654,Marketing,10961.52,52
9655,Marketing,7990.78,23
9656,Vendas,9247.04,60
9657,Engenharia,7025.22,34
9658,Engenharia,14772.68,26
9659,Vendas,10152.4,58
9660,Diretoria,4147.94,60
9661,TI,13466.21,21
9662,TI,6828.07,65
9663,TI,13631.43,33
9664,Engenharia,4992.24,65
9665,RH,7969.09,50
9666,Diretoria,10116.51,22
9667,TI,7710.51,46
9668,TI,14601.59,45
9669,Marketing,9770.67,47
9670,Engenharia,12608.45,56
9671,Marketing,7957.37,26
9672,TI,11049.4,52
9673,Vendas,6475.93,64
9674,TI,10884.85,52
9675,Engenharia,8217.53,52
9676,Marketing,11910.99,46
9677,RH,7863.38,44
9678,Vendas,5533.74,28
9679,Diretoria,8065.58,60
9680,Marketing,3585.96,53
9681,Engenharia,14191.14,25
9682,Marketing,13047.92,32
9683,Engenharia,9382.86,59
9684,Engenharia,12713.24,51
9685,RH,14120.65,21
9686,Vendas,13982.78,34
9687,Diretoria,6498.03,41
9688,RH,10651.6,33
9689,Engenharia,10694.71,29
9690,TI,5841.65,65
9691,Diretoria,6912.26,44
9692,RH,14985.06,25
9693,Engenharia,5538.29,30
9694,Diretoria,9686.21,56
9695,Engenharia,12241.99,22
9696,RH,10761.55,59
9697,Diretoria,5832.01,24
9698,RH,12936.55,21
9699,TI,7598.4,24
9700,Engenharia,11762.73,58
9701,Marketing,13947.23,51
9702,Diretoria,14818.42,21
9703,TI,12331.71,36
9704,Diretoria,14959.5,44
9705,Vendas,5984.17,49
9706,Diretoria,6399.9,39
9707,Engenharia,10842.9,57
9708,TI,11744.65,53
9709,Marketing,14528.48,23
9710,RH,6833.52,25
9711,Vendas,7054.37,30
9712,Marketing,6187.43,56
9713,Diretoria,5294.96,42
9714,RH,13912.14,24
9715,Diretoria,9872.2,38
9716,Vendas,7746.6,28
9717,Vendas,9421.83,25
9718,Engenharia,12894.61,46
9719,Engenharia,10604.08,38
9720,Marketing,9995.55,20
9721,Diretoria,12497.71,29
9722,Diretoria,6557.7,22
9723,RH,6502.68,40
9724,RH,14295.81,24
9725,RH,5029.31,45
9726,Engenharia,9845.99,45
9727,Diretoria,4861.18,51
9728,Marketing,3190.73,57
9729,Marketing,9704.62,40
9730,Vendas,7382.47,42
9731,Vendas,7192.22,44
9732,Vendas,14886.59,25
9733,Marketing,6039.35,55
9734,RH,6846.42,48
9735,Marketing,8018.86,44
9736,Vendas,8735.76,50
9737,Vendas,5200.22,43
9738,Engenharia,6336.17,55
9739,Diretoria,9564.81,25
9740,Marketing,6400.85,57
9741,Engenharia,11099.11,35
9742,Engenharia,4631.92,59
9743,TI,8943.81,57
9744,Vendas,7322.51,59
9745,RH,3179.87,53
9746,Diretoria,12133.88,39
9747,Marketing,9444.29,32
9748,Diretoria,4430.65,34
9749,Marketing,9573.94,52
9750,TI,5619.7,62
9751,Engenharia,7754.37,40
9752,Vendas,9744.25,35
9753,RH,4523.06,33
9754,Vendas,5801.48,56
9755,Vendas,9395.81,49
9756,Diretoria,5380.18,51
9757,Engenharia,3766.01,49
9758,Vendas,9015.41,51
9759,Marketing,9426.21,34
9760,Vendas,3269.22,59
9761,Diretoria,5255.44,35
9762,Diretoria,10397.34,62
9763,Engenharia,13623.91,43
9764,Diretoria,3830.86,32
9765,Vendas,6681.1,35
9766,RH,8530.25,58
9767,TI,13485.0,31
9768,RH,7983.52,45
9769,Vendas,3161.46,55
9770,RH,6585.7,55
9771,TI,5697.32,45
9772,Engenharia,14962.45,20
9773,TI,3943.02,54
9774,Diretoria,8014.55,21
9775,Marketing,13626.16,40
9776,Diretoria,13445.73,59
9777,Engenharia,8765.38,58
9778,Marketing,5872.39,31
9779,RH,4118.86,32
9780,Marketing,7830.4,35
9781,Vendas,7837.0,47
9782,Engenharia,12568.81,25
9783,Engenharia,7612.8,65
9784,Vendas,4519.88,57
9785,Vendas,6776.48,47
9786,Marketing,9599.75,55
9787,Engenharia,7671.48,49
9788,Marketing,9499.39,41
9789,Marketing,11460.61,34
9790,Marketing,3284.02,35
9791,TI,8553.57,55
9792,Marketing,13775.04,54
9793,TI,10219.78,56
9794,RH,4569.31,50
9795,Vendas,4324.9,59
9796,TI,5316.64,30
9797,Engenharia,5770.58,53
9798,Diretoria,13250.86,55
9799,Diretoria,4476.41,25
9800,RH,14723.68,62
9801,Engenharia,7330.92,24
9802,Diretoria,8164.59,43
9803,RH,3932.76,35
9804,Engenharia,11752.69,32
9805,Vendas,13646.67,28
9806,TI,10978.96,53
9807,Vendas,12719.42,36
9808,Vendas,3294.47,31
9809,Vendas,13434.97,38
9810,Vendas,13832.52,46
9811,Marketing,11882.96,38
9812,Engenharia,6698.47,50
9813,Vendas,12976.23,34
9814,Engenharia,13125.25,25
9815,Diretoria,14821.57,59
9816,RH,11823.14,50
9817,RH,7124.14,42
9818,Engenharia,12930.09,63
9819,Engenharia,13177.71,63
9820,Vendas,8013.87,49
9821,RH,13545.57,43
9822,Vendas,13760.16,57
9823,Diretoria,6601.55,38
9824,Diretoria,9413.6,59
9825,TI,13624.64,34
9826,Marketing,14754.06,47
9827,Engenharia,10550.16,34
9828,RH,8683.27,39
9829,RH,10762.6,33
9830,Marketing,10112.73,36
9831,Vendas,6975.99,23
9832,Diretoria,13340.19,29
9833,RH,5101.93,52
9834,TI,10970.26,55
9835,Marketing,8722.15,61
9836,Diretoria,9558.99,43
9837,Marketing,4837.45,24
9838,TI,4577.74,32
9839,Marketing,7859.67,54
9840,RH,6695.22,28
9841,RH,5881.77,46
9842,RH,11700.79,36
9843,TI,13829.73,64
9844,TI,3284.66,65
9845,TI,10711.87,59
9846,RH,12376.06,23
9847,Vendas,10299.84,41
9848,Diretoria,10584.59,32
9849,RH,6042.3,55
9850,Engenharia,8632.15,58
9851,Diretoria,11178.91,37
9852,Marketing,9999.59,45
9853,RH,14321.13,42
9854,RH,8809.83,47
9855,Diretoria,5405.72,27
9856,Diretoria,4760.17,34
9857,Marketing,14622.82,42
9858,Marketing,6948.0,65
9859,Diretoria,4279.85,46
9860,Vendas,10764.08,50
9861,Diretoria,11285.27,24
9862,TI,4605.22,39
9863,Vendas,9264.66,29
9864,Diretoria,13130.9,65
9865,RH,11340.51,57
9866,TI,14763.07,51
9867,Diretoria,8889.27,61
9868,Vendas,7975.98,36
9869,Marketing,7312.49,61
9870,Vendas,9196.1,36
9871,Vendas,5407.12,63
9872,Diretoria,4130.34,39
9873,TI,11401.07,27
9874,Vendas,14381.48,23
9875,Diretoria,11874.92,44
9876,Vendas,13069.23,35
9877,Marketing,5682.49,30
9878,Diretoria,3848.09,57
9879,RH,5212.82,46
9880,RH,14216.37,33
9881,Marketing,3755.99,45
9882,RH,7280.52,56
9883,Marketing,4545.59,42
9884,Marketing,7471.25,31
9885,Diretoria,13240.82,58
9886,Marketing,13258.41,50
9887,Vendas,11168.46,38
9888,Marketing,14047.4,55
9889,Engenharia,12309.06,47
9890,RH,11748.73,29
9891,RH,14914.91,65
9892,Marketing,12247.87,31
9893,Marketing,7634.39,47
9894,Engenharia,9553.45,24
9895,Vendas,4375.84,28
9896,Vendas,6857.12,52
9897,Engenharia,8820.17,65
9898,RH,9816.22,42
9899,Vendas,5149.76,47
9900,Vendas,9494.2,22
9901,Engenharia,11626.04,52
9902,RH,9627.11,58
9903,RH,14194.5,37
9904,Engenharia,4677.94,25
9905,Vendas,6050.73,41
9906,RH,13242.11,32
9907,Vendas,8569.68,63
9908,Engenharia,10449.32,61
9909,Diretoria,9072.0,43
9910,Engenharia,7880.31,48
9911,TI,13374.93,59
9912,Diretoria,11314.27,51
9913,Marketing,7285.89,36
9914,Marketing,14087.44,45
9915,Vendas,8775.51,55
9916,Engenharia,9329.4,49
9917,Diretoria,11337.36,48
9918,Engenharia,12080.8,43
9919,Marketing,13386.22,29
9920,Vendas,10886.01,34
9921,Vendas,14370.83,28
9922,Engenharia,3528.1,62
9923,Marketing,11633.65,51
9924,Diretoria,5668.78,46
9925,Marketing,3239.94,49
9926,Diretoria,9549.04,55
9927,Marketing,9541.04,39
9928,Engenharia,10295.38,48
9929,RH,3471.44,44
9930,RH,8272.37,63
9931,TI,7545.53,37
9932,Engenharia,10476.0,37
9933,Engenharia,7271.67,36
9934,Diretoria,12742.34,30
9935,Vendas,13760.22,35
9936,RH,4812.36,64
9937,TI,9393.32,44
9938,TI,12209.67,44
9939,Engenharia,9664.22,54
9940,Marketing,12277.06,22
9941,Diretoria,14889.69,23
9942,Vendas,13312.75,28
9943,Diretoria,3523.9,45
9944,TI,7418.33,56
9945,TI,8909.99,55
9946,TI,9016.16,63
9947,TI,11370.03,41
9948,Diretoria,11310.87,41
9949,Vendas,5946.57,53
9950,Engenharia,7510.79,22
9951,Vendas,4387.37,36
9952,Engenharia,7466.57,24
9953,Diretoria,11832.65,56
9954,Diretoria,11842.77,38
9955,RH,9064.34,51
9956,RH,4122.93,47
9957,Marketing,4644.73,55
9958,Vendas,9560.54,30
9959,RH,3036.75,45
9960,Vendas,14889.19,39
9961,Engenharia,6065.77,40
9962,RH,4298.16,62
9963,Diretoria,9773.45,24
9964,Engenharia,7163.63,43
9965,Vendas,4172.96,41
9966,RH,9573.45,29
9967,RH,3998.41,65
9968,TI,8021.17,53
9969,RH,12722.75,62
9970,Marketing,7710.09,51
9971,RH,10002.72,36
9972,Engenharia,3503.49,26
9973,Marketing,3529.73,48
9974,Vendas,8447.77,54
9975,Vendas,10098.75,42
9976,RH,10338.81,63
9977,TI,7040.48,46
9978,TI,8747.52,56
9979,RH,12978.83,27
9980,Vendas,10751.37,47
9981,Marketing,10922.47,23
9982,Diretoria,8910.57,24
9983,RH,9556.05,41
9984,Diretoria,9192.66,48
9985,Marketing,5085.08,28
9986,Engenharia,4432.38,52
9987,TI,13014.66,59
9988,Marketing,4750.82,52
9989,Diretoria,13754.45,63
9990,Vendas,9793.26,35
9991,TI,8972.19,55
9992,Diretoria,5927.11,64
9993,TI,14656.57,54
9994,Engenharia,10184.16,57
9995,Vendas,10618.05,35
9996,RH,4595.39,22
9997,Diretoria,7942.01,34
9998,Marketing,4659.15,54
9999,TI,4382.57,45
10000,Marketing,4347.75,61
